budget,iteration,oldNashConv,newNashConv,newOverOld
200,50,0.36151592502219226,0.4265981848942023,1.1800259832758817
200,100,0.11620317383618856,0.13010190482407585,1.1196071546847792
200,150,0.06614185122696031,0.06512227799089082,0.9845850514136517
200,200,0.04414624713271681,0.04561264142571986,1.0332167372822119
500,50,0.36151592502219226,0.4265981848942023,1.1800259832758817
500,100,0.11620317383618856,0.13010190482407585,1.1196071546847792
500,150,0.06614185122696031,0.06512227799089082,0.9845850514136517
500,200,0.04414624713271681,0.04561264142571986,1.0332167372822119
500,250,0.035583071479636685,0.03749495108923756,1.0537300331337331
500,300,0.0239476804322592,0.021803313438116034,0.9104561713102471
500,350,0.019657540738070023,0.018648716201927484,0.9486800231226897
500,400,0.016122119407650015,0.015888398857599517,0.9855031125783874
500,450,0.012973557343804232,0.013353543004391177,1.0292892419956363
500,500,0.010928581865516762,0.011323333863853313,1.0361210633908615
