seat,combo,weight
oop,2h2c,1.000000
oop,2s2c,1.000000
oop,2s2h,1.000000
oop,3c2c,0.999900
oop,3d3c,1.000000
oop,3h2h,0.999900
oop,3h3c,1.000000
oop,3h3d,1.000000
oop,3s2s,0.999900
oop,3s3c,1.000000
oop,3s3d,1.000000
oop,3s3h,1.000000
oop,4c2c,1.000000
oop,4c3c,0.942500
oop,4d3d,0.942500
oop,4d4c,1.000000
oop,4h2h,1.000000
oop,4h3h,0.942500
oop,4h4c,1.000000
oop,4h4d,1.000000
oop,4s2s,1.000000
oop,4s3s,0.942500
oop,4s4c,1.000000
oop,4s4d,1.000000
oop,4s4h,1.000000
oop,5c2c,1.000000
oop,5c3c,1.000000
oop,5c4c,0.067000
oop,5c4d,0.775900
oop,5c4h,0.775900
oop,5c4s,0.775900
oop,5d3d,1.000000
oop,5d4c,0.775900
oop,5d4d,0.067000
oop,5d4h,0.775900
oop,5d4s,0.775900
oop,5d5c,1.000000
oop,5h2h,1.000000
oop,5h3h,1.000000
oop,5h4c,0.775900
oop,5h4d,0.775900
oop,5h4h,0.067000
oop,5h4s,0.775900
oop,5h5c,1.000000
oop,5h5d,1.000000
oop,5s2s,1.000000
oop,5s3s,1.000000
oop,5s4c,0.775900
oop,5s4d,0.775900
oop,5s4h,0.775900
oop,5s4s,0.067000
oop,5s5c,1.000000
oop,5s5d,1.000000
oop,5s5h,1.000000
oop,6c2c,0.510500
oop,6c3c,0.999800
oop,6c4c,1.000000
oop,6c5c,0.223200
oop,6c5d,1.000000
oop,6c5h,1.000000
oop,6c5s,1.000000
oop,6d3d,0.999800
oop,6d4d,1.000000
oop,6d5c,1.000000
oop,6d5d,0.223200
oop,6d5h,1.000000
oop,6d5s,1.000000
oop,6d6c,0.952900
oop,6h2h,0.510500
oop,6h3h,0.999800
oop,6h4h,1.000000
oop,6h5c,1.000000
oop,6h5d,1.000000
oop,6h5h,0.223200
oop,6h5s,1.000000
oop,6h6c,0.952900
oop,6h6d,0.952900
oop,6s2s,0.510500
oop,6s3s,0.999800
oop,6s4s,1.000000
oop,6s5c,1.000000
oop,6s5d,1.000000
oop,6s5h,1.000000
oop,6s5s,0.223200
oop,6s6c,0.952900
oop,6s6d,0.952900
oop,6s6h,0.952900
oop,7c3c,0.999700
oop,7c4c,0.999800
oop,7c5c,1.000000
oop,7c6c,0.087500
oop,7c6d,0.999600
oop,7c6h,0.999600
oop,7c6s,0.999600
oop,7d3d,0.999700
oop,7d4d,0.999800
oop,7d5d,1.000000
oop,7d6c,0.999600
oop,7d6d,0.087500
oop,7d6h,0.999600
oop,7d6s,0.999600
oop,7d7c,0.886600
oop,7s3s,0.999700
oop,7s4s,0.999800
oop,7s5s,1.000000
oop,7s6c,0.999600
oop,7s6d,0.999600
oop,7s6h,0.999600
oop,7s6s,0.087500
oop,7s7c,0.886600
oop,7s7d,0.886600
oop,8c2c,0.000200
oop,8c4c,1.000000
oop,8c5c,1.000000
oop,8c6c,1.000000
oop,8c7c,0.224200
oop,8c7d,1.000000
oop,8c7s,1.000000
oop,8d4d,1.000000
oop,8d5d,1.000000
oop,8d6d,1.000000
oop,8d7c,1.000000
oop,8d7d,0.224200
oop,8d7s,1.000000
oop,8d8c,0.811400
oop,8h2h,0.000200
oop,8h4h,1.000000
oop,8h5h,1.000000
oop,8h6h,1.000000
oop,8h7c,1.000000
oop,8h7d,1.000000
oop,8h7s,1.000000
oop,8h8c,0.811400
oop,8h8d,0.811400
oop,8s2s,0.000200
oop,8s4s,1.000000
oop,8s5s,1.000000
oop,8s6s,1.000000
oop,8s7c,1.000000
oop,8s7d,1.000000
oop,8s7s,0.224200
oop,8s8c,0.811400
oop,8s8d,0.811400
oop,8s8h,0.811400
oop,9c3c,0.840300
oop,9c4c,0.813500
oop,9c5c,1.000000
oop,9c6c,0.996700
oop,9c7c,0.749100
oop,9c7d,0.293900
oop,9c7s,0.293900
oop,9c8c,0.329000
oop,9c8d,1.000000
oop,9c8h,1.000000
oop,9c8s,1.000000
oop,9d3d,0.840300
oop,9d4d,0.813500
oop,9d5d,1.000000
oop,9d6d,0.996700
oop,9d7c,0.293900
oop,9d7d,0.749100
oop,9d7s,0.293900
oop,9d8c,1.000000
oop,9d8d,0.329000
oop,9d8h,1.000000
oop,9d8s,1.000000
oop,9d9c,0.518200
oop,9h3h,0.840300
oop,9h4h,0.813500
oop,9h5h,1.000000
oop,9h6h,0.996700
oop,9h7c,0.293900
oop,9h7d,0.293900
oop,9h7s,0.293900
oop,9h8c,1.000000
oop,9h8d,1.000000
oop,9h8h,0.329000
oop,9h8s,1.000000
oop,9h9c,0.518200
oop,9h9d,0.518200
oop,9s3s,0.840300
oop,9s4s,0.813500
oop,9s5s,1.000000
oop,9s6s,0.996700
oop,9s7c,0.293900
oop,9s7d,0.293900
oop,9s7s,0.749100
oop,9s8c,1.000000
oop,9s8d,1.000000
oop,9s8h,1.000000
oop,9s8s,0.329000
oop,9s9c,0.518200
oop,9s9d,0.518200
oop,9s9h,0.518200
oop,Tc2c,1.000000
oop,Tc3c,1.000000
oop,Tc4c,1.000000
oop,Tc5c,1.000000
oop,Tc6c,0.628400
oop,Tc7c,0.638500
oop,Tc8c,0.054400
oop,Tc8d,0.999200
oop,Tc8h,0.999200
oop,Tc8s,0.999200
oop,Tc9c,0.000100
oop,Tc9d,0.929700
oop,Tc9h,0.929700
oop,Tc9s,0.929700
oop,Td3d,1.000000
oop,Td4d,1.000000
oop,Td5d,1.000000
oop,Td6d,0.628400
oop,Td7d,0.638500
oop,Td8c,0.999200
oop,Td8d,0.054400
oop,Td8h,0.999200
oop,Td8s,0.999200
oop,Td9c,0.929700
oop,Td9d,0.000100
oop,Td9h,0.929700
oop,Td9s,0.929700
oop,Th2h,1.000000
oop,Th3h,1.000000
oop,Th4h,1.000000
oop,Th5h,1.000000
oop,Th6h,0.628400
oop,Th8c,0.999200
oop,Th8d,0.999200
oop,Th8h,0.054400
oop,Th8s,0.999200
oop,Th9c,0.929700
oop,Th9d,0.929700
oop,Th9h,0.000100
oop,Th9s,0.929700
oop,Ts2s,1.000000
oop,Ts3s,1.000000
oop,Ts4s,1.000000
oop,Ts5s,1.000000
oop,Ts6s,0.628400
oop,Ts7s,0.638500
oop,Ts8c,0.999200
oop,Ts8d,0.999200
oop,Ts8h,0.999200
oop,Ts8s,0.054400
oop,Ts9c,0.929700
oop,Ts9d,0.929700
oop,Ts9h,0.929700
oop,Ts9s,0.000100
oop,Jc2c,1.000000
oop,Jc3c,1.000000
oop,Jc4c,1.000000
oop,Jc5c,0.984400
oop,Jc6c,0.996600
oop,Jc7c,0.695700
oop,Jc8c,0.018300
oop,Jc8d,0.997900
oop,Jc8h,0.997900
oop,Jc8s,0.997900
oop,Jc9c,0.161200
oop,Jc9d,0.960200
oop,Jc9h,0.960200
oop,Jc9s,0.960200
oop,JcTc,0.222100
oop,JcTd,0.799500
oop,JcTh,0.799500
oop,JcTs,0.799500
oop,Jd3d,1.000000
oop,Jd4d,1.000000
oop,Jd5d,0.984400
oop,Jd6d,0.996600
oop,Jd7d,0.695700
oop,Jd8c,0.997900
oop,Jd8d,0.018300
oop,Jd8h,0.997900
oop,Jd8s,0.997900
oop,Jd9c,0.960200
oop,Jd9d,0.161200
oop,Jd9h,0.960200
oop,Jd9s,0.960200
oop,JdTc,0.799500
oop,JdTd,0.222100
oop,JdTh,0.799500
oop,JdTs,0.799500
oop,Jh2h,1.000000
oop,Jh3h,1.000000
oop,Jh4h,1.000000
oop,Jh5h,0.984400
oop,Jh6h,0.996600
oop,Jh8c,0.997900
oop,Jh8d,0.997900
oop,Jh8h,0.018300
oop,Jh8s,0.997900
oop,Jh9c,0.960200
oop,Jh9d,0.960200
oop,Jh9h,0.161200
oop,Jh9s,0.960200
oop,JhTc,0.799500
oop,JhTd,0.799500
oop,JhTh,0.222100
oop,JhTs,0.799500
oop,Js2s,1.000000
oop,Js3s,1.000000
oop,Js4s,1.000000
oop,Js5s,0.984400
oop,Js6s,0.996600
oop,Js7s,0.695700
oop,Js8c,0.997900
oop,Js8d,0.997900
oop,Js8h,0.997900
oop,Js8s,0.018300
oop,Js9c,0.960200
oop,Js9d,0.960200
oop,Js9h,0.960200
oop,Js9s,0.161200
oop,JsTc,0.799500
oop,JsTd,0.799500
oop,JsTh,0.799500
oop,JsTs,0.222100
oop,Qc2c,1.000000
oop,Qc3c,1.000000
oop,Qc4c,1.000000
oop,Qc5c,1.000000
oop,Qc6c,1.000000
oop,Qc7c,1.000000
oop,Qc8c,0.715300
oop,Qc8d,0.820700
oop,Qc8h,0.820700
oop,Qc8s,0.820700
oop,Qc9c,1.000000
oop,Qc9d,0.975000
oop,Qc9h,0.975000
oop,Qc9s,0.975000
oop,QcTc,0.810100
oop,QcTd,0.849000
oop,QcTh,0.849000
oop,QcTs,0.849000
oop,QcJc,0.612100
oop,QcJd,0.861200
oop,QcJh,0.861200
oop,QcJs,0.861200
oop,Qd3d,1.000000
oop,Qd4d,1.000000
oop,Qd5d,1.000000
oop,Qd6d,1.000000
oop,Qd7d,1.000000
oop,Qd8c,0.820700
oop,Qd8d,0.715300
oop,Qd8h,0.820700
oop,Qd8s,0.820700
oop,Qd9c,0.975000
oop,Qd9d,1.000000
oop,Qd9h,0.975000
oop,Qd9s,0.975000
oop,QdTc,0.849000
oop,QdTd,0.810100
oop,QdTh,0.849000
oop,QdTs,0.849000
oop,QdJc,0.861200
oop,QdJd,0.612100
oop,QdJh,0.861200
oop,QdJs,0.861200
oop,Qh2h,1.000000
oop,Qh3h,1.000000
oop,Qh4h,1.000000
oop,Qh5h,1.000000
oop,Qh6h,1.000000
oop,Qh8c,0.820700
oop,Qh8d,0.820700
oop,Qh8h,0.715300
oop,Qh8s,0.820700
oop,Qh9c,0.975000
oop,Qh9d,0.975000
oop,Qh9h,1.000000
oop,Qh9s,0.975000
oop,QhTc,0.849000
oop,QhTd,0.849000
oop,QhTh,0.810100
oop,QhTs,0.849000
oop,QhJc,0.861200
oop,QhJd,0.861200
oop,QhJh,0.612100
oop,QhJs,0.861200
oop,Qs2s,1.000000
oop,Qs3s,1.000000
oop,Qs4s,1.000000
oop,Qs5s,1.000000
oop,Qs6s,1.000000
oop,Qs7s,1.000000
oop,Qs8c,0.820700
oop,Qs8d,0.820700
oop,Qs8h,0.820700
oop,Qs8s,0.715300
oop,Qs9c,0.975000
oop,Qs9d,0.975000
oop,Qs9h,0.975000
oop,Qs9s,1.000000
oop,QsTc,0.849000
oop,QsTd,0.849000
oop,QsTh,0.849000
oop,QsTs,0.810100
oop,QsJc,0.861200
oop,QsJd,0.861200
oop,QsJh,0.861200
oop,QsJs,0.612100
oop,Kc2c,1.000000
oop,Kc3c,1.000000
oop,Kc4c,0.970600
oop,Kc5c,0.969700
oop,Kc6c,0.620500
oop,Kc6d,0.398700
oop,Kc6h,0.398700
oop,Kc6s,0.398700
oop,Kc7c,0.994400
oop,Kc7d,0.973200
oop,Kc7s,0.973200
oop,Kc8c,1.000000
oop,Kc8d,0.935000
oop,Kc8h,0.935000
oop,Kc8s,0.935000
oop,Kc9c,1.000000
oop,Kc9d,0.775400
oop,Kc9h,0.775400
oop,Kc9s,0.775400
oop,KcTc,0.773500
oop,KcTd,0.785000
oop,KcTh,0.785000
oop,KcTs,0.785000
oop,KcJc,0.995700
oop,KcJd,0.662600
oop,KcJh,0.662600
oop,KcJs,0.662600
oop,KcQc,0.000700
oop,KcQd,0.715400
oop,KcQh,0.715400
oop,KcQs,0.715400
oop,Kd3d,1.000000
oop,Kd4d,0.970600
oop,Kd5d,0.969700
oop,Kd6c,0.398700
oop,Kd6d,0.620500
oop,Kd6h,0.398700
oop,Kd6s,0.398700
oop,Kd7c,0.973200
oop,Kd7d,0.994400
oop,Kd7s,0.973200
oop,Kd8c,0.935000
oop,Kd8d,1.000000
oop,Kd8h,0.935000
oop,Kd8s,0.935000
oop,Kd9c,0.775400
oop,Kd9d,1.000000
oop,Kd9h,0.775400
oop,Kd9s,0.775400
oop,KdTc,0.785000
oop,KdTd,0.773500
oop,KdTh,0.785000
oop,KdTs,0.785000
oop,KdJc,0.662600
oop,KdJd,0.995700
oop,KdJh,0.662600
oop,KdJs,0.662600
oop,KdQc,0.715400
oop,KdQd,0.000700
oop,KdQh,0.715400
oop,KdQs,0.715400
oop,Kh2h,1.000000
oop,Kh3h,1.000000
oop,Kh4h,0.970600
oop,Kh5h,0.969700
oop,Kh6c,0.398700
oop,Kh6d,0.398700
oop,Kh6h,0.620500
oop,Kh6s,0.398700
oop,Kh7c,0.973200
oop,Kh7d,0.973200
oop,Kh7s,0.973200
oop,Kh8c,0.935000
oop,Kh8d,0.935000
oop,Kh8h,1.000000
oop,Kh8s,0.935000
oop,Kh9c,0.775400
oop,Kh9d,0.775400
oop,Kh9h,1.000000
oop,Kh9s,0.775400
oop,KhTc,0.785000
oop,KhTd,0.785000
oop,KhTh,0.773500
oop,KhTs,0.785000
oop,KhJc,0.662600
oop,KhJd,0.662600
oop,KhJh,0.995700
oop,KhJs,0.662600
oop,KhQc,0.715400
oop,KhQd,0.715400
oop,KhQh,0.000700
oop,KhQs,0.715400
oop,Ac2c,0.999700
oop,Ac2h,0.660700
oop,Ac2s,0.660700
oop,Ac3c,0.992900
oop,Ac3d,0.811800
oop,Ac3h,0.811800
oop,Ac3s,0.811800
oop,Ac4c,0.735400
oop,Ac4d,0.749900
oop,Ac4h,0.749900
oop,Ac4s,0.749900
oop,Ac5c,0.116200
oop,Ac5d,0.865600
oop,Ac5h,0.865600
oop,Ac5s,0.865600
oop,Ac6c,1.000000
oop,Ac6d,0.863800
oop,Ac6h,0.863800
oop,Ac6s,0.863800
oop,Ac7c,0.998200
oop,Ac7d,0.806000
oop,Ac7s,0.806000
oop,Ac8c,0.999800
oop,Ac8d,0.885900
oop,Ac8h,0.885900
oop,Ac8s,0.885900
oop,Ac9c,0.999800
oop,Ac9d,0.976700
oop,Ac9h,0.976700
oop,Ac9s,0.976700
oop,AcTc,1.000000
oop,AcTd,0.925800
oop,AcTh,0.925800
oop,AcTs,0.925800
oop,AcJc,0.349100
oop,AcJd,0.880700
oop,AcJh,0.880700
oop,AcJs,0.880700
oop,AcQd,0.154900
oop,AcQh,0.154900
oop,AcQs,0.154900
oop,Ad2c,0.660700
oop,Ad2h,0.660700
oop,Ad2s,0.660700
oop,Ad3c,0.811800
oop,Ad3d,0.992900
oop,Ad3h,0.811800
oop,Ad3s,0.811800
oop,Ad4c,0.749900
oop,Ad4d,0.735400
oop,Ad4h,0.749900
oop,Ad4s,0.749900
oop,Ad5c,0.865600
oop,Ad5d,0.116200
oop,Ad5h,0.865600
oop,Ad5s,0.865600
oop,Ad6c,0.863800
oop,Ad6d,1.000000
oop,Ad6h,0.863800
oop,Ad6s,0.863800
oop,Ad7c,0.806000
oop,Ad7d,0.998200
oop,Ad7s,0.806000
oop,Ad8c,0.885900
oop,Ad8d,0.999800
oop,Ad8h,0.885900
oop,Ad8s,0.885900
oop,Ad9c,0.976700
oop,Ad9d,0.999800
oop,Ad9h,0.976700
oop,Ad9s,0.976700
oop,AdTc,0.925800
oop,AdTd,1.000000
oop,AdTh,0.925800
oop,AdTs,0.925800
oop,AdJc,0.880700
oop,AdJd,0.349100
oop,AdJh,0.880700
oop,AdJs,0.880700
oop,AdQc,0.154900
oop,AdQh,0.154900
oop,AdQs,0.154900
oop,Ah2c,0.660700
oop,Ah2h,0.999700
oop,Ah2s,0.660700
oop,Ah3c,0.811800
oop,Ah3d,0.811800
oop,Ah3h,0.992900
oop,Ah3s,0.811800
oop,Ah4c,0.749900
oop,Ah4d,0.749900
oop,Ah4h,0.735400
oop,Ah4s,0.749900
oop,Ah5c,0.865600
oop,Ah5d,0.865600
oop,Ah5h,0.116200
oop,Ah5s,0.865600
oop,Ah6c,0.863800
oop,Ah6d,0.863800
oop,Ah6h,1.000000
oop,Ah6s,0.863800
oop,Ah7c,0.806000
oop,Ah7d,0.806000
oop,Ah7s,0.806000
oop,Ah8c,0.885900
oop,Ah8d,0.885900
oop,Ah8h,0.999800
oop,Ah8s,0.885900
oop,Ah9c,0.976700
oop,Ah9d,0.976700
oop,Ah9h,0.999800
oop,Ah9s,0.976700
oop,AhTc,0.925800
oop,AhTd,0.925800
oop,AhTh,1.000000
oop,AhTs,0.925800
oop,AhJc,0.880700
oop,AhJd,0.880700
oop,AhJh,0.349100
oop,AhJs,0.880700
oop,AhQc,0.154900
oop,AhQd,0.154900
oop,AhQs,0.154900
oop,As2c,0.660700
oop,As2h,0.660700
oop,As2s,0.999700
oop,As3c,0.811800
oop,As3d,0.811800
oop,As3h,0.811800
oop,As3s,0.992900
oop,As4c,0.749900
oop,As4d,0.749900
oop,As4h,0.749900
oop,As4s,0.735400
oop,As5c,0.865600
oop,As5d,0.865600
oop,As5h,0.865600
oop,As5s,0.116200
oop,As6c,0.863800
oop,As6d,0.863800
oop,As6h,0.863800
oop,As6s,1.000000
oop,As7c,0.806000
oop,As7d,0.806000
oop,As7s,0.998200
oop,As8c,0.885900
oop,As8d,0.885900
oop,As8h,0.885900
oop,As8s,0.999800
oop,As9c,0.976700
oop,As9d,0.976700
oop,As9h,0.976700
oop,As9s,0.999800
oop,AsTc,0.925800
oop,AsTd,0.925800
oop,AsTh,0.925800
oop,AsTs,1.000000
oop,AsJc,0.880700
oop,AsJd,0.880700
oop,AsJh,0.880700
oop,AsJs,0.349100
oop,AsQc,0.154900
oop,AsQd,0.154900
oop,AsQh,0.154900
ip,2h2c,1.000000
ip,2s2c,1.000000
ip,2s2h,1.000000
ip,3d3c,1.000000
ip,3h3c,1.000000
ip,3h3d,1.000000
ip,3s3c,1.000000
ip,3s3d,1.000000
ip,3s3h,1.000000
ip,4d4c,1.000000
ip,4h4c,1.000000
ip,4h4d,1.000000
ip,4s4c,1.000000
ip,4s4d,1.000000
ip,4s4h,1.000000
ip,5c3c,1.000000
ip,5c4c,1.000000
ip,5d3d,1.000000
ip,5d4d,1.000000
ip,5d5c,1.000000
ip,5h3h,1.000000
ip,5h4h,1.000000
ip,5h5c,1.000000
ip,5h5d,1.000000
ip,5s3s,1.000000
ip,5s4s,1.000000
ip,5s5c,1.000000
ip,5s5d,1.000000
ip,5s5h,1.000000
ip,6c4c,1.000000
ip,6c5c,1.000000
ip,6d4d,1.000000
ip,6d5d,1.000000
ip,6d6c,1.000000
ip,6h4h,1.000000
ip,6h5h,1.000000
ip,6h6c,1.000000
ip,6h6d,1.000000
ip,6s4s,1.000000
ip,6s5s,1.000000
ip,6s6c,1.000000
ip,6s6d,1.000000
ip,6s6h,1.000000
ip,7c4c,0.016700
ip,7c5c,1.000000
ip,7c6c,1.000000
ip,7d4d,0.016700
ip,7d5d,1.000000
ip,7d6d,1.000000
ip,7d7c,1.000000
ip,7s4s,0.016700
ip,7s5s,1.000000
ip,7s6s,1.000000
ip,7s7c,1.000000
ip,7s7d,1.000000
ip,8c5c,1.000000
ip,8c6c,1.000000
ip,8c7c,1.000000
ip,8c7d,0.000200
ip,8c7s,0.000200
ip,8d5d,1.000000
ip,8d6d,1.000000
ip,8d7c,0.000200
ip,8d7d,1.000000
ip,8d7s,0.000200
ip,8d8c,1.000000
ip,8h5h,1.000000
ip,8h6h,1.000000
ip,8h7c,0.000200
ip,8h7d,0.000200
ip,8h7s,0.000200
ip,8h8c,1.000000
ip,8h8d,1.000000
ip,8s5s,1.000000
ip,8s6s,1.000000
ip,8s7c,0.000200
ip,8s7d,0.000200
ip,8s7s,1.000000
ip,8s8c,1.000000
ip,8s8d,1.000000
ip,8s8h,1.000000
ip,9c6c,1.000000
ip,9c7c,1.000000
ip,9c8c,1.000000
ip,9c8d,0.805900
ip,9c8h,0.805900
ip,9c8s,0.805900
ip,9d6d,1.000000
ip,9d7d,1.000000
ip,9d8c,0.805900
ip,9d8d,1.000000
ip,9d8h,0.805900
ip,9d8s,0.805900
ip,9d9c,1.000000
ip,9h6h,1.000000
ip,9h8c,0.805900
ip,9h8d,0.805900
ip,9h8h,1.000000
ip,9h8s,0.805900
ip,9h9c,1.000000
ip,9h9d,1.000000
ip,9s6s,1.000000
ip,9s7s,1.000000
ip,9s8c,0.805900
ip,9s8d,0.805900
ip,9s8h,0.805900
ip,9s8s,1.000000
ip,9s9c,1.000000
ip,9s9d,1.000000
ip,9s9h,1.000000
ip,Tc5c,0.098500
ip,Tc6c,1.000000
ip,Tc7c,1.000000
ip,Tc8c,1.000000
ip,Tc8d,0.877000
ip,Tc8h,0.877000
ip,Tc8s,0.877000
ip,Tc9c,1.000000
ip,Tc9d,1.000000
ip,Tc9h,1.000000
ip,Tc9s,1.000000
ip,Td5d,0.098500
ip,Td6d,1.000000
ip,Td7d,1.000000
ip,Td8c,0.877000
ip,Td8d,1.000000
ip,Td8h,0.877000
ip,Td8s,0.877000
ip,Td9c,1.000000
ip,Td9d,1.000000
ip,Td9h,1.000000
ip,Td9s,1.000000
ip,TdTc,1.000000
ip,Th5h,0.098500
ip,Th6h,1.000000
ip,Th8c,0.877000
ip,Th8d,0.877000
ip,Th8h,1.000000
ip,Th8s,0.877000
ip,Th9c,1.000000
ip,Th9d,1.000000
ip,Th9h,1.000000
ip,Th9s,1.000000
ip,ThTc,1.000000
ip,ThTd,1.000000
ip,Ts5s,0.098500
ip,Ts6s,1.000000
ip,Ts7s,1.000000
ip,Ts8c,0.877000
ip,Ts8d,0.877000
ip,Ts8h,0.877000
ip,Ts8s,1.000000
ip,Ts9c,1.000000
ip,Ts9d,1.000000
ip,Ts9h,1.000000
ip,Ts9s,1.000000
ip,TsTc,1.000000
ip,TsTd,1.000000
ip,TsTh,1.000000
ip,Jc3c,0.000300
ip,Jc4c,0.999900
ip,Jc5c,1.000000
ip,Jc6c,1.000000
ip,Jc7c,1.000000
ip,Jc8c,1.000000
ip,Jc8d,0.034600
ip,Jc8h,0.034600
ip,Jc8s,0.034600
ip,Jc9c,1.000000
ip,Jc9d,1.000000
ip,Jc9h,1.000000
ip,Jc9s,1.000000
ip,JcTc,1.000000
ip,JcTd,1.000000
ip,JcTh,1.000000
ip,JcTs,1.000000
ip,Jd3d,0.000300
ip,Jd4d,0.999900
ip,Jd5d,1.000000
ip,Jd6d,1.000000
ip,Jd7d,1.000000
ip,Jd8c,0.034600
ip,Jd8d,1.000000
ip,Jd8h,0.034600
ip,Jd8s,0.034600
ip,Jd9c,1.000000
ip,Jd9d,1.000000
ip,Jd9h,1.000000
ip,Jd9s,1.000000
ip,JdTc,1.000000
ip,JdTd,1.000000
ip,JdTh,1.000000
ip,JdTs,1.000000
ip,JdJc,1.000000
ip,Jh3h,0.000300
ip,Jh4h,0.999900
ip,Jh5h,1.000000
ip,Jh6h,1.000000
ip,Jh8c,0.034600
ip,Jh8d,0.034600
ip,Jh8h,1.000000
ip,Jh8s,0.034600
ip,Jh9c,1.000000
ip,Jh9d,1.000000
ip,Jh9h,1.000000
ip,Jh9s,1.000000
ip,JhTc,1.000000
ip,JhTd,1.000000
ip,JhTh,1.000000
ip,JhTs,1.000000
ip,JhJc,1.000000
ip,JhJd,1.000000
ip,Js3s,0.000300
ip,Js4s,0.999900
ip,Js5s,1.000000
ip,Js6s,1.000000
ip,Js7s,1.000000
ip,Js8c,0.034600
ip,Js8d,0.034600
ip,Js8h,0.034600
ip,Js8s,1.000000
ip,Js9c,1.000000
ip,Js9d,1.000000
ip,Js9h,1.000000
ip,Js9s,1.000000
ip,JsTc,1.000000
ip,JsTd,1.000000
ip,JsTh,1.000000
ip,JsTs,1.000000
ip,JsJc,1.000000
ip,JsJd,1.000000
ip,JsJh,1.000000
ip,Qc2c,0.999900
ip,Qc3c,1.000000
ip,Qc4c,1.000000
ip,Qc5c,1.000000
ip,Qc6c,1.000000
ip,Qc7c,1.000000
ip,Qc8c,1.000000
ip,Qc9c,1.000000
ip,Qc9d,1.000000
ip,Qc9h,1.000000
ip,Qc9s,1.000000
ip,QcTc,1.000000
ip,QcTd,1.000000
ip,QcTh,1.000000
ip,QcTs,1.000000
ip,QcJc,1.000000
ip,QcJd,1.000000
ip,QcJh,1.000000
ip,QcJs,1.000000
ip,Qd3d,1.000000
ip,Qd4d,1.000000
ip,Qd5d,1.000000
ip,Qd6d,1.000000
ip,Qd7d,1.000000
ip,Qd8d,1.000000
ip,Qd9c,1.000000
ip,Qd9d,1.000000
ip,Qd9h,1.000000
ip,Qd9s,1.000000
ip,QdTc,1.000000
ip,QdTd,1.000000
ip,QdTh,1.000000
ip,QdTs,1.000000
ip,QdJc,1.000000
ip,QdJd,1.000000
ip,QdJh,1.000000
ip,QdJs,1.000000
ip,QdQc,0.999700
ip,Qh2h,0.999900
ip,Qh3h,1.000000
ip,Qh4h,1.000000
ip,Qh5h,1.000000
ip,Qh6h,1.000000
ip,Qh8h,1.000000
ip,Qh9c,1.000000
ip,Qh9d,1.000000
ip,Qh9h,1.000000
ip,Qh9s,1.000000
ip,QhTc,1.000000
ip,QhTd,1.000000
ip,QhTh,1.000000
ip,QhTs,1.000000
ip,QhJc,1.000000
ip,QhJd,1.000000
ip,QhJh,1.000000
ip,QhJs,1.000000
ip,QhQc,0.999700
ip,QhQd,0.999700
ip,Qs2s,0.999900
ip,Qs3s,1.000000
ip,Qs4s,1.000000
ip,Qs5s,1.000000
ip,Qs6s,1.000000
ip,Qs7s,1.000000
ip,Qs8s,1.000000
ip,Qs9c,1.000000
ip,Qs9d,1.000000
ip,Qs9h,1.000000
ip,Qs9s,1.000000
ip,QsTc,1.000000
ip,QsTd,1.000000
ip,QsTh,1.000000
ip,QsTs,1.000000
ip,QsJc,1.000000
ip,QsJd,1.000000
ip,QsJh,1.000000
ip,QsJs,1.000000
ip,QsQc,0.999700
ip,QsQd,0.999700
ip,QsQh,0.999700
ip,Kc2c,1.000000
ip,Kc3c,1.000000
ip,Kc4c,1.000000
ip,Kc5c,1.000000
ip,Kc6c,1.000000
ip,Kc7c,1.000000
ip,Kc8c,1.000000
ip,Kc8d,0.935700
ip,Kc8h,0.935700
ip,Kc8s,0.935700
ip,Kc9c,1.000000
ip,Kc9d,1.000000
ip,Kc9h,1.000000
ip,Kc9s,1.000000
ip,KcTc,1.000000
ip,KcTd,1.000000
ip,KcTh,1.000000
ip,KcTs,1.000000
ip,KcJc,1.000000
ip,KcJd,1.000000
ip,KcJh,1.000000
ip,KcJs,1.000000
ip,KcQc,1.000000
ip,KcQd,1.000000
ip,KcQh,1.000000
ip,KcQs,1.000000
ip,Kd3d,1.000000
ip,Kd4d,1.000000
ip,Kd5d,1.000000
ip,Kd6d,1.000000
ip,Kd7d,1.000000
ip,Kd8c,0.935700
ip,Kd8d,1.000000
ip,Kd8h,0.935700
ip,Kd8s,0.935700
ip,Kd9c,1.000000
ip,Kd9d,1.000000
ip,Kd9h,1.000000
ip,Kd9s,1.000000
ip,KdTc,1.000000
ip,KdTd,1.000000
ip,KdTh,1.000000
ip,KdTs,1.000000
ip,KdJc,1.000000
ip,KdJd,1.000000
ip,KdJh,1.000000
ip,KdJs,1.000000
ip,KdQc,1.000000
ip,KdQd,1.000000
ip,KdQh,1.000000
ip,KdQs,1.000000
ip,KdKc,0.999900
ip,Kh2h,1.000000
ip,Kh3h,1.000000
ip,Kh4h,1.000000
ip,Kh5h,1.000000
ip,Kh6h,1.000000
ip,Kh8c,0.935700
ip,Kh8d,0.935700
ip,Kh8h,1.000000
ip,Kh8s,0.935700
ip,Kh9c,1.000000
ip,Kh9d,1.000000
ip,Kh9h,1.000000
ip,Kh9s,1.000000
ip,KhTc,1.000000
ip,KhTd,1.000000
ip,KhTh,1.000000
ip,KhTs,1.000000
ip,KhJc,1.000000
ip,KhJd,1.000000
ip,KhJh,1.000000
ip,KhJs,1.000000
ip,KhQc,1.000000
ip,KhQd,1.000000
ip,KhQh,1.000000
ip,KhQs,1.000000
ip,KhKc,0.999900
ip,KhKd,0.999900
ip,Ac2c,1.000000
ip,Ac3c,1.000000
ip,Ac4c,1.000000
ip,Ac4d,1.000000
ip,Ac4h,1.000000
ip,Ac4s,1.000000
ip,Ac5c,1.000000
ip,Ac5d,1.000000
ip,Ac5h,1.000000
ip,Ac5s,1.000000
ip,Ac6c,1.000000
ip,Ac6d,1.000000
ip,Ac6h,1.000000
ip,Ac6s,1.000000
ip,Ac7c,1.000000
ip,Ac7d,1.000000
ip,Ac7s,1.000000
ip,Ac8c,1.000000
ip,Ac8d,1.000000
ip,Ac8h,1.000000
ip,Ac8s,1.000000
ip,Ac9c,1.000000
ip,Ac9d,1.000000
ip,Ac9h,1.000000
ip,Ac9s,1.000000
ip,AcTc,1.000000
ip,AcTd,1.000000
ip,AcTh,1.000000
ip,AcTs,1.000000
ip,AcJc,1.000000
ip,AcJd,1.000000
ip,AcJh,1.000000
ip,AcJs,1.000000
ip,AcQc,1.000000
ip,AcQd,1.000000
ip,AcQh,1.000000
ip,AcQs,1.000000
ip,AcKc,1.000000
ip,AcKd,0.999900
ip,AcKh,0.999900
ip,Ad3d,1.000000
ip,Ad4c,1.000000
ip,Ad4d,1.000000
ip,Ad4h,1.000000
ip,Ad4s,1.000000
ip,Ad5c,1.000000
ip,Ad5d,1.000000
ip,Ad5h,1.000000
ip,Ad5s,1.000000
ip,Ad6c,1.000000
ip,Ad6d,1.000000
ip,Ad6h,1.000000
ip,Ad6s,1.000000
ip,Ad7c,1.000000
ip,Ad7d,1.000000
ip,Ad7s,1.000000
ip,Ad8c,1.000000
ip,Ad8d,1.000000
ip,Ad8h,1.000000
ip,Ad8s,1.000000
ip,Ad9c,1.000000
ip,Ad9d,1.000000
ip,Ad9h,1.000000
ip,Ad9s,1.000000
ip,AdTc,1.000000
ip,AdTd,1.000000
ip,AdTh,1.000000
ip,AdTs,1.000000
ip,AdJc,1.000000
ip,AdJd,1.000000
ip,AdJh,1.000000
ip,AdJs,1.000000
ip,AdQc,1.000000
ip,AdQd,1.000000
ip,AdQh,1.000000
ip,AdQs,1.000000
ip,AdKc,0.999900
ip,AdKd,1.000000
ip,AdKh,0.999900
ip,AdAc,1.000000
ip,Ah2h,1.000000
ip,Ah3h,1.000000
ip,Ah4c,1.000000
ip,Ah4d,1.000000
ip,Ah4h,1.000000
ip,Ah4s,1.000000
ip,Ah5c,1.000000
ip,Ah5d,1.000000
ip,Ah5h,1.000000
ip,Ah5s,1.000000
ip,Ah6c,1.000000
ip,Ah6d,1.000000
ip,Ah6h,1.000000
ip,Ah6s,1.000000
ip,Ah7c,1.000000
ip,Ah7d,1.000000
ip,Ah7s,1.000000
ip,Ah8c,1.000000
ip,Ah8d,1.000000
ip,Ah8h,1.000000
ip,Ah8s,1.000000
ip,Ah9c,1.000000
ip,Ah9d,1.000000
ip,Ah9h,1.000000
ip,Ah9s,1.000000
ip,AhTc,1.000000
ip,AhTd,1.000000
ip,AhTh,1.000000
ip,AhTs,1.000000
ip,AhJc,1.000000
ip,AhJd,1.000000
ip,AhJh,1.000000
ip,AhJs,1.000000
ip,AhQc,1.000000
ip,AhQd,1.000000
ip,AhQh,1.000000
ip,AhQs,1.000000
ip,AhKc,0.999900
ip,AhKd,0.999900
ip,AhKh,1.000000
ip,AhAc,1.000000
ip,AhAd,1.000000
ip,As2s,1.000000
ip,As3s,1.000000
ip,As4c,1.000000
ip,As4d,1.000000
ip,As4h,1.000000
ip,As4s,1.000000
ip,As5c,1.000000
ip,As5d,1.000000
ip,As5h,1.000000
ip,As5s,1.000000
ip,As6c,1.000000
ip,As6d,1.000000
ip,As6h,1.000000
ip,As6s,1.000000
ip,As7c,1.000000
ip,As7d,1.000000
ip,As7s,1.000000
ip,As8c,1.000000
ip,As8d,1.000000
ip,As8h,1.000000
ip,As8s,1.000000
ip,As9c,1.000000
ip,As9d,1.000000
ip,As9h,1.000000
ip,As9s,1.000000
ip,AsTc,1.000000
ip,AsTd,1.000000
ip,AsTh,1.000000
ip,AsTs,1.000000
ip,AsJc,1.000000
ip,AsJd,1.000000
ip,AsJh,1.000000
ip,AsJs,1.000000
ip,AsQc,1.000000
ip,AsQd,1.000000
ip,AsQh,1.000000
ip,AsQs,1.000000
ip,AsKc,0.999900
ip,AsKd,0.999900
ip,AsKh,0.999900
ip,AsAc,1.000000
ip,AsAd,1.000000
ip,AsAh,1.000000
