history,actor,combo,weight,probabilities
x,ip,2h2c,1.000000,0.000000|1.000000
x,ip,2s2c,1.000000,0.000000|1.000000
x,ip,2s2h,1.000000,0.000000|1.000000
x,ip,3d3c,1.000000,0.161730|0.838270
x,ip,3h3c,1.000000,0.147356|0.852644
x,ip,3h3d,1.000000,0.195041|0.804959
x,ip,3s3c,1.000000,0.222446|0.777554
x,ip,3s3d,1.000000,0.233967|0.766033
x,ip,3s3h,1.000000,0.216510|0.783490
x,ip,4d4c,1.000000,0.230091|0.769909
x,ip,4h4c,1.000000,0.215473|0.784527
x,ip,4h4d,1.000000,0.280049|0.719951
x,ip,4s4c,1.000000,0.297475|0.702525
x,ip,4s4d,1.000000,0.362463|0.637537
x,ip,4s4h,1.000000,0.341802|0.658198
x,ip,5c3c,1.000000,0.177661|0.822339
x,ip,5c4c,1.000000,0.367361|0.632639
x,ip,5d3d,1.000000,0.271290|0.728710
x,ip,5d4d,1.000000,0.114031|0.885969
x,ip,5d5c,1.000000,0.310948|0.689052
x,ip,5h3h,1.000000,0.268482|0.731517
x,ip,5h4h,1.000000,0.087343|0.912657
x,ip,5h5c,1.000000,0.298207|0.701793
x,ip,5h5d,1.000000,0.365301|0.634699
x,ip,5s3s,1.000000,0.299016|0.700984
x,ip,5s4s,1.000000,0.136126|0.863874
x,ip,5s5c,1.000000,0.384543|0.615457
x,ip,5s5d,1.000000,0.456016|0.543984
x,ip,5s5h,1.000000,0.420050|0.579950
x,ip,6c4c,1.000000,0.213413|0.786587
x,ip,6c5c,1.000000,0.397131|0.602869
x,ip,6d4d,1.000000,0.342138|0.657862
x,ip,6d5d,1.000000,0.163653|0.836347
x,ip,6d6c,1.000000,0.392325|0.607675
x,ip,6h4h,1.000000,0.287556|0.712444
x,ip,6h5h,1.000000,0.124941|0.875059
x,ip,6h6c,1.000000,0.359884|0.640116
x,ip,6h6d,1.000000,0.377157|0.622843
x,ip,6s4s,1.000000,0.344366|0.655634
x,ip,6s5s,1.000000,0.156069|0.843931
x,ip,6s6c,1.000000,0.487953|0.512047
x,ip,6s6d,1.000000,0.467842|0.532158
x,ip,6s6h,1.000000,0.443778|0.556222
x,ip,7c4c,0.016700,0.999100|0.000900
x,ip,7c5c,1.000000,0.259251|0.740749
x,ip,7c6c,1.000000,0.104494|0.895506
x,ip,7d4d,0.016700,0.907042|0.092958
x,ip,7d5d,1.000000,0.148745|0.851255
x,ip,7d6d,1.000000,0.048905|0.951095
x,ip,7d7c,1.000000,0.011719|0.988281
x,ip,7s4s,0.016700,0.595178|0.404822
x,ip,7s5s,1.000000,0.151202|0.848798
x,ip,7s6s,1.000000,0.032502|0.967498
x,ip,7s7c,1.000000,0.000000|1.000000
x,ip,7s7d,1.000000,0.000000|1.000000
x,ip,8c5c,1.000000,0.269581|0.730419
x,ip,8c6c,1.000000,0.468391|0.531609
x,ip,8c7c,1.000000,0.455451|0.544549
x,ip,8c7d,0.000200,1.000000|0.000000
x,ip,8c7s,0.000200,1.000000|0.000000
x,ip,8d5d,1.000000,0.283711|0.716289
x,ip,8d6d,1.000000,0.078431|0.921569
x,ip,8d7c,0.000200,0.999985|0.000015
x,ip,8d7d,1.000000,0.292500|0.707500
x,ip,8d7s,0.000200,1.000000|0.000000
x,ip,8d8c,1.000000,0.159533|0.840467
x,ip,8h5h,1.000000,0.246708|0.753292
x,ip,8h6h,1.000000,0.092287|0.907713
x,ip,8h7c,0.000200,0.999985|0.000015
x,ip,8h7d,0.000200,1.000000|0.000000
x,ip,8h7s,0.000200,1.000000|0.000000
x,ip,8h8c,1.000000,0.152453|0.847547
x,ip,8h8d,1.000000,0.120684|0.879316
x,ip,8s5s,1.000000,0.336675|0.663325
x,ip,8s6s,1.000000,0.057053|0.942946
x,ip,8s7c,0.000200,1.000000|0.000000
x,ip,8s7d,0.000200,1.000000|0.000000
x,ip,8s7s,1.000000,0.240024|0.759976
x,ip,8s8c,1.000000,0.148623|0.851377
x,ip,8s8d,1.000000,0.112474|0.887526
x,ip,8s8h,1.000000,0.134829|0.865171
x,ip,9c6c,1.000000,0.206439|0.793561
x,ip,9c7c,1.000000,0.494331|0.505669
x,ip,9c8c,1.000000,0.156558|0.843442
x,ip,9c8d,0.805900,0.120943|0.879057
x,ip,9c8h,0.805900,0.097490|0.902510
x,ip,9c8s,0.805900,0.140337|0.859663
x,ip,9d6d,1.000000,0.103120|0.896880
x,ip,9d7d,1.000000,0.242893|0.757107
x,ip,9d8c,0.805900,0.087556|0.912444
x,ip,9d8d,1.000000,0.000000|1.000000
x,ip,9d8h,0.805900,0.194354|0.805646
x,ip,9d8s,0.805900,0.206577|0.793423
x,ip,9d9c,1.000000,0.299046|0.700954
x,ip,9h6h,1.000000,0.121859|0.878141
x,ip,9h8c,0.805900,0.095735|0.904265
x,ip,9h8d,0.805900,0.208240|0.791760
x,ip,9h8h,1.000000,0.000000|1.000000
x,ip,9h8s,0.805900,0.202243|0.797757
x,ip,9h9c,1.000000,0.299886|0.700114
x,ip,9h9d,1.000000,0.260075|0.739925
x,ip,9s6s,1.000000,0.115221|0.884779
x,ip,9s7s,1.000000,0.210040|0.789960
x,ip,9s8c,0.805900,0.131731|0.868269
x,ip,9s8d,0.805900,0.208743|0.791257
x,ip,9s8h,0.805900,0.182055|0.817945
x,ip,9s8s,1.000000,0.000000|1.000000
x,ip,9s9c,1.000000,0.304860|0.695140
x,ip,9s9d,1.000000,0.241917|0.758083
x,ip,9s9h,1.000000,0.271504|0.728496
x,ip,Tc5c,0.098500,0.000000|1.000000
x,ip,Tc6c,1.000000,0.000000|1.000000
x,ip,Tc7c,1.000000,0.250584|0.749416
x,ip,Tc8c,1.000000,0.260151|0.739849
x,ip,Tc8d,0.877000,0.000000|1.000000
x,ip,Tc8h,0.877000,0.000000|1.000000
x,ip,Tc8s,0.877000,0.000000|1.000000
x,ip,Tc9c,1.000000,0.193576|0.806424
x,ip,Tc9d,1.000000,0.170367|0.829633
x,ip,Tc9h,1.000000,0.163729|0.836271
x,ip,Tc9s,1.000000,0.171038|0.828962
x,ip,Td5d,0.098500,0.000107|0.999893
x,ip,Td6d,1.000000,0.084718|0.915282
x,ip,Td7d,1.000000,0.123003|0.876997
x,ip,Td8c,0.877000,0.002548|0.997452
x,ip,Td8d,1.000000,0.095018|0.904982
x,ip,Td8h,0.877000,0.000000|1.000000
x,ip,Td8s,0.877000,0.000000|1.000000
x,ip,Td9c,1.000000,0.188693|0.811307
x,ip,Td9d,1.000000,0.000000|1.000000
x,ip,Td9h,1.000000,0.202347|0.797653
x,ip,Td9s,1.000000,0.197696|0.802304
x,ip,TdTc,1.000000,0.446830|0.553170
x,ip,Th5h,0.098500,0.003006|0.996994
x,ip,Th6h,1.000000,0.104128|0.895872
x,ip,Th8c,0.877000,0.002594|0.997406
x,ip,Th8d,0.877000,0.000000|1.000000
x,ip,Th8h,1.000000,0.123613|0.876387
x,ip,Th8s,0.877000,0.000000|1.000000
x,ip,Th9c,1.000000,0.128161|0.871839
x,ip,Th9d,1.000000,0.198688|0.801312
x,ip,Th9h,1.000000,0.000000|1.000000
x,ip,Th9s,1.000000,0.201083|0.798917
x,ip,ThTc,1.000000,0.450156|0.549844
x,ip,ThTd,1.000000,0.401236|0.598764
x,ip,Ts5s,0.098500,0.000122|0.999878
x,ip,Ts6s,1.000000,0.132097|0.867903
x,ip,Ts7s,1.000000,0.091737|0.908263
x,ip,Ts8c,0.877000,0.004593|0.995407
x,ip,Ts8d,0.877000,0.000000|1.000000
x,ip,Ts8h,0.877000,0.000000|1.000000
x,ip,Ts8s,1.000000,0.086198|0.913802
x,ip,Ts9c,1.000000,0.149889|0.850111
x,ip,Ts9d,1.000000,0.176791|0.823209
x,ip,Ts9h,1.000000,0.180407|0.819593
x,ip,Ts9s,1.000000,0.000000|1.000000
x,ip,TsTc,1.000000,0.463951|0.536049
x,ip,TsTd,1.000000,0.415946|0.584054
x,ip,TsTh,1.000000,0.419013|0.580987
x,ip,Jc3c,0.000300,0.000000|1.000000
x,ip,Jc4c,0.999900,0.000000|1.000000
x,ip,Jc5c,1.000000,0.000000|1.000000
x,ip,Jc6c,1.000000,0.000000|1.000000
x,ip,Jc7c,1.000000,0.132860|0.867140
x,ip,Jc8c,1.000000,0.000000|1.000000
x,ip,Jc8d,0.034600,0.000000|1.000000
x,ip,Jc8h,0.034600,0.000000|1.000000
x,ip,Jc8s,0.034600,0.000000|1.000000
x,ip,Jc9c,1.000000,0.299107|0.700893
x,ip,Jc9d,1.000000,0.130282|0.869718
x,ip,Jc9h,1.000000,0.139086|0.860914
x,ip,Jc9s,1.000000,0.103578|0.896422
x,ip,JcTc,1.000000,0.108354|0.891646
x,ip,JcTd,1.000000,0.203784|0.796216
x,ip,JcTh,1.000000,0.185611|0.814389
x,ip,JcTs,1.000000,0.183764|0.816236
x,ip,Jd3d,0.000300,0.197360|0.802640
x,ip,Jd4d,0.999900,0.123995|0.876005
x,ip,Jd5d,1.000000,0.149081|0.850919
x,ip,Jd6d,1.000000,0.136660|0.863340
x,ip,Jd7d,1.000000,0.091005|0.908995
x,ip,Jd8c,0.034600,0.000000|1.000000
x,ip,Jd8d,1.000000,0.171542|0.828458
x,ip,Jd8h,0.034600,0.000000|1.000000
x,ip,Jd8s,0.034600,0.000000|1.000000
x,ip,Jd9c,1.000000,0.089204|0.910796
x,ip,Jd9d,1.000000,0.155505|0.844495
x,ip,Jd9h,1.000000,0.043809|0.956191
x,ip,Jd9s,1.000000,0.062867|0.937133
x,ip,JdTc,1.000000,0.200900|0.799100
x,ip,JdTd,1.000000,0.000000|1.000000
x,ip,JdTh,1.000000,0.151339|0.848661
x,ip,JdTs,1.000000,0.158312|0.841688
x,ip,JdJc,1.000000,0.550973|0.449027
x,ip,Jh3h,0.000300,0.160021|0.839979
x,ip,Jh4h,0.999900,0.148638|0.851362
x,ip,Jh5h,1.000000,0.189090|0.810910
x,ip,Jh6h,1.000000,0.134905|0.865095
x,ip,Jh8c,0.034600,0.000000|1.000000
x,ip,Jh8d,0.034600,0.000000|1.000000
x,ip,Jh8h,1.000000,0.183627|0.816373
x,ip,Jh8s,0.034600,0.000000|1.000000
x,ip,Jh9c,1.000000,0.075410|0.924590
x,ip,Jh9d,1.000000,0.037171|0.962829
x,ip,Jh9h,1.000000,0.135851|0.864149
x,ip,Jh9s,1.000000,0.062058|0.937942
x,ip,JhTc,1.000000,0.169528|0.830472
x,ip,JhTd,1.000000,0.139300|0.860700
x,ip,JhTh,1.000000,0.000000|1.000000
x,ip,JhTs,1.000000,0.138476|0.861524
x,ip,JhJc,1.000000,0.557809|0.442191
x,ip,JhJd,1.000000,0.497093|0.502907
x,ip,Js3s,0.000300,0.586191|0.413809
x,ip,Js4s,0.999900,0.233906|0.766094
x,ip,Js5s,1.000000,0.208164|0.791836
x,ip,Js6s,1.000000,0.125933|0.874067
x,ip,Js7s,1.000000,0.079316|0.920684
x,ip,Js8c,0.034600,0.000000|1.000000
x,ip,Js8d,0.034600,0.000000|1.000000
x,ip,Js8h,0.034600,0.000000|1.000000
x,ip,Js8s,1.000000,0.193286|0.806714
x,ip,Js9c,1.000000,0.033585|0.966415
x,ip,Js9d,1.000000,0.033997|0.966003
x,ip,Js9h,1.000000,0.052598|0.947402
x,ip,Js9s,1.000000,0.105089|0.894911
x,ip,JsTc,1.000000,0.178958|0.821042
x,ip,JsTd,1.000000,0.166155|0.833844
x,ip,JsTh,1.000000,0.150958|0.849042
x,ip,JsTs,1.000000,0.000000|1.000000
x,ip,JsJc,1.000000,0.591318|0.408682
x,ip,JsJd,1.000000,0.539696|0.460304
x,ip,JsJh,1.000000,0.540795|0.459205
x,ip,Qc2c,0.999900,0.050675|0.949325
x,ip,Qc3c,1.000000,0.000000|1.000000
x,ip,Qc4c,1.000000,0.000000|1.000000
x,ip,Qc5c,1.000000,0.000015|0.999985
x,ip,Qc6c,1.000000,0.045396|0.954604
x,ip,Qc7c,1.000000,0.045045|0.954955
x,ip,Qc8c,1.000000,0.338766|0.661234
x,ip,Qc9c,1.000000,0.734524|0.265476
x,ip,Qc9d,1.000000,0.012146|0.987854
x,ip,Qc9h,1.000000,0.106920|0.893080
x,ip,Qc9s,1.000000,0.119631|0.880369
x,ip,QcTc,1.000000,0.483833|0.516167
x,ip,QcTd,1.000000,0.408362|0.591638
x,ip,QcTh,1.000000,0.347692|0.652308
x,ip,QcTs,1.000000,0.294255|0.705745
x,ip,QcJc,1.000000,0.412345|0.587655
x,ip,QcJd,1.000000,0.484382|0.515618
x,ip,QcJh,1.000000,0.475013|0.524987
x,ip,QcJs,1.000000,0.486595|0.513405
x,ip,Qd3d,1.000000,0.048859|0.951141
x,ip,Qd4d,1.000000,0.150729|0.849271
x,ip,Qd5d,1.000000,0.233097|0.766903
x,ip,Qd6d,1.000000,0.320302|0.679698
x,ip,Qd7d,1.000000,0.035462|0.964538
x,ip,Qd8d,1.000000,0.685649|0.314351
x,ip,Qd9c,1.000000,0.035950|0.964050
x,ip,Qd9d,1.000000,0.647303|0.352697
x,ip,Qd9h,1.000000,0.000000|1.000000
x,ip,Qd9s,1.000000,0.000000|1.000000
x,ip,QdTc,1.000000,0.379583|0.620417
x,ip,QdTd,1.000000,0.034730|0.965270
x,ip,QdTh,1.000000,0.316579|0.683421
x,ip,QdTs,1.000000,0.299626|0.700374
x,ip,QdJc,1.000000,0.548074|0.451926
x,ip,QdJd,1.000000,0.000076|0.999924
x,ip,QdJh,1.000000,0.594629|0.405371
x,ip,QdJs,1.000000,0.616602|0.383398
x,ip,QdQc,0.999700,0.744472|0.255528
x,ip,Qh2h,0.999900,0.041123|0.958877
x,ip,Qh3h,1.000000,0.047074|0.952926
x,ip,Qh4h,1.000000,0.210056|0.789944
x,ip,Qh5h,1.000000,0.318639|0.681361
x,ip,Qh6h,1.000000,0.329351|0.670649
x,ip,Qh8h,1.000000,0.688136|0.311864
x,ip,Qh9c,1.000000,0.024140|0.975860
x,ip,Qh9d,1.000000,0.000000|1.000000
x,ip,Qh9h,1.000000,0.586984|0.413016
x,ip,Qh9s,1.000000,0.000000|1.000000
x,ip,QhTc,1.000000,0.360967|0.639033
x,ip,QhTd,1.000000,0.317098|0.682902
x,ip,QhTh,1.000000,0.022507|0.977493
x,ip,QhTs,1.000000,0.265965|0.734035
x,ip,QhJc,1.000000,0.518349|0.481651
x,ip,QhJd,1.000000,0.592889|0.407111
x,ip,QhJh,1.000000,0.000092|0.999908
x,ip,QhJs,1.000000,0.618845|0.381155
x,ip,QhQc,0.999700,0.727504|0.272496
x,ip,QhQd,0.999700,0.729549|0.270451
x,ip,Qs2s,0.999900,0.047776|0.952224
x,ip,Qs3s,1.000000,0.165545|0.834455
x,ip,Qs4s,1.000000,0.291966|0.708034
x,ip,Qs5s,1.000000,0.257313|0.742687
x,ip,Qs6s,1.000000,0.205875|0.794125
x,ip,Qs7s,1.000000,0.016617|0.983383
x,ip,Qs8s,1.000000,0.428534|0.571466
x,ip,Qs9c,1.000000,0.000000|1.000000
x,ip,Qs9d,1.000000,0.000000|1.000000
x,ip,Qs9h,1.000000,0.000000|1.000000
x,ip,Qs9s,1.000000,0.400259|0.599741
x,ip,QsTc,1.000000,0.231098|0.768902
x,ip,QsTd,1.000000,0.158328|0.841672
x,ip,QsTh,1.000000,0.168704|0.831296
x,ip,QsTs,1.000000,0.000076|0.999924
x,ip,QsJc,1.000000,0.388251|0.611749
x,ip,QsJd,1.000000,0.532403|0.467597
x,ip,QsJh,1.000000,0.512489|0.487511
x,ip,QsJs,1.000000,0.000031|0.999969
x,ip,QsQc,0.999700,0.690837|0.309163
x,ip,QsQd,0.999700,0.669703|0.330297
x,ip,QsQh,0.999700,0.681926|0.318074
x,ip,Kc2c,1.000000,0.011124|0.988876
x,ip,Kc3c,1.000000,0.428611|0.571389
x,ip,Kc4c,1.000000,0.458351|0.541650
x,ip,Kc5c,1.000000,0.482033|0.517968
x,ip,Kc6c,1.000000,0.220829|0.779171
x,ip,Kc7c,1.000000,0.009277|0.990723
x,ip,Kc8c,1.000000,0.044388|0.955612
x,ip,Kc8d,0.935700,0.149844|0.850156
x,ip,Kc8h,0.935700,0.151171|0.848829
x,ip,Kc8s,0.935700,0.080980|0.919020
x,ip,Kc9c,1.000000,0.015503|0.984497
x,ip,Kc9d,1.000000,0.075257|0.924743
x,ip,Kc9h,1.000000,0.071580|0.928420
x,ip,Kc9s,1.000000,0.030961|0.969039
x,ip,KcTc,1.000000,0.004227|0.995773
x,ip,KcTd,1.000000,0.041047|0.958953
x,ip,KcTh,1.000000,0.059602|0.940398
x,ip,KcTs,1.000000,0.027634|0.972366
x,ip,KcJc,1.000000,0.000000|1.000000
x,ip,KcJd,1.000000,0.019196|0.980804
x,ip,KcJh,1.000000,0.024765|0.975235
x,ip,KcJs,1.000000,0.005341|0.994659
x,ip,KcQc,1.000000,0.000000|1.000000
x,ip,KcQd,1.000000,0.000000|1.000000
x,ip,KcQh,1.000000,0.000000|1.000000
x,ip,KcQs,1.000000,0.000000|1.000000
x,ip,Kd3d,1.000000,0.294041|0.705959
x,ip,Kd4d,1.000000,0.288594|0.711406
x,ip,Kd5d,1.000000,0.324605|0.675395
x,ip,Kd6d,1.000000,0.165805|0.834195
x,ip,Kd7d,1.000000,0.021073|0.978927
x,ip,Kd8c,0.935700,0.120684|0.879316
x,ip,Kd8d,1.000000,0.000015|0.999985
x,ip,Kd8h,0.935700,0.222065|0.777935
x,ip,Kd8s,0.935700,0.151308|0.848692
x,ip,Kd9c,1.000000,0.061662|0.938338
x,ip,Kd9d,1.000000,0.000015|0.999985
x,ip,Kd9h,1.000000,0.118975|0.881025
x,ip,Kd9s,1.000000,0.080919|0.919081
x,ip,KdTc,1.000000,0.020127|0.979873
x,ip,KdTd,1.000000,0.000000|1.000000
x,ip,KdTh,1.000000,0.066941|0.933059
x,ip,KdTs,1.000000,0.047547|0.952453
x,ip,KdJc,1.000000,0.000504|0.999496
x,ip,KdJd,1.000000,0.000000|1.000000
x,ip,KdJh,1.000000,0.032624|0.967376
x,ip,KdJs,1.000000,0.013092|0.986908
x,ip,KdQc,1.000000,0.000000|1.000000
x,ip,KdQd,1.000000,0.000000|1.000000
x,ip,KdQh,1.000000,0.000000|1.000000
x,ip,KdQs,1.000000,0.000000|1.000000
x,ip,KdKc,0.999900,0.016846|0.983154
x,ip,Kh2h,1.000000,0.010849|0.989151
x,ip,Kh3h,1.000000,0.283665|0.716335
x,ip,Kh4h,1.000000,0.277806|0.722194
x,ip,Kh5h,1.000000,0.313603|0.686397
x,ip,Kh6h,1.000000,0.180972|0.819028
x,ip,Kh8c,0.935700,0.114183|0.885817
x,ip,Kh8d,0.935700,0.223255|0.776745
x,ip,Kh8h,1.000000,0.001099|0.998901
x,ip,Kh8s,0.935700,0.147417|0.852583
x,ip,Kh9c,1.000000,0.052659|0.947341
x,ip,Kh9d,1.000000,0.117540|0.882460
x,ip,Kh9h,1.000000,0.000000|1.000000
x,ip,Kh9s,1.000000,0.082139|0.917861
x,ip,KhTc,1.000000,0.023056|0.976944
x,ip,KhTd,1.000000,0.061372|0.938628
x,ip,KhTh,1.000000,0.000015|0.999985
x,ip,KhTs,1.000000,0.053513|0.946487
x,ip,KhJc,1.000000,0.000397|0.999603
x,ip,KhJd,1.000000,0.024170|0.975830
x,ip,KhJh,1.000000,0.000015|0.999985
x,ip,KhJs,1.000000,0.019287|0.980713
x,ip,KhQc,1.000000,0.000000|1.000000
x,ip,KhQd,1.000000,0.000000|1.000000
x,ip,KhQh,1.000000,0.000000|1.000000
x,ip,KhQs,1.000000,0.000000|1.000000
x,ip,KhKc,0.999900,0.013199|0.986801
x,ip,KhKd,0.999900,0.000000|1.000000
x,ip,Ac2c,1.000000,0.000000|1.000000
x,ip,Ac3c,1.000000,0.124437|0.875563
x,ip,Ac4c,1.000000,0.596841|0.403159
x,ip,Ac4d,1.000000,0.401740|0.598260
x,ip,Ac4h,1.000000,0.345693|0.654307
x,ip,Ac4s,1.000000,0.313329|0.686671
x,ip,Ac5c,1.000000,0.924025|0.075975
x,ip,Ac5d,1.000000,0.564263|0.435737
x,ip,Ac5h,1.000000,0.510704|0.489296
x,ip,Ac5s,1.000000,0.400519|0.599481
x,ip,Ac6c,1.000000,0.996262|0.003738
x,ip,Ac6d,1.000000,0.102312|0.897688
x,ip,Ac6h,1.000000,0.067994|0.932006
x,ip,Ac6s,1.000000,0.058915|0.941085
x,ip,Ac7c,1.000000,0.001251|0.998749
x,ip,Ac7d,1.000000,0.008270|0.991730
x,ip,Ac7s,1.000000,0.011704|0.988296
x,ip,Ac8c,1.000000,0.656641|0.343359
x,ip,Ac8d,1.000000,0.894438|0.105562
x,ip,Ac8h,1.000000,0.769818|0.230182
x,ip,Ac8s,1.000000,0.935561|0.064439
x,ip,Ac9c,1.000000,0.537469|0.462531
x,ip,Ac9d,1.000000,0.539284|0.460716
x,ip,Ac9h,1.000000,0.623209|0.376791
x,ip,Ac9s,1.000000,0.564691|0.435309
x,ip,AcTc,1.000000,0.321553|0.678447
x,ip,AcTd,1.000000,0.343786|0.656214
x,ip,AcTh,1.000000,0.322057|0.677943
x,ip,AcTs,1.000000,0.284810|0.715190
x,ip,AcJc,1.000000,0.040406|0.959594
x,ip,AcJd,1.000000,0.160616|0.839384
x,ip,AcJh,1.000000,0.171832|0.828168
x,ip,AcJs,1.000000,0.192859|0.807141
x,ip,AcQc,1.000000,0.071290|0.928710
x,ip,AcQd,1.000000,0.124102|0.875898
x,ip,AcQh,1.000000,0.144076|0.855924
x,ip,AcQs,1.000000,0.110597|0.889403
x,ip,AcKc,1.000000,0.005142|0.994858
x,ip,AcKd,0.999900,0.010361|0.989639
x,ip,AcKh,0.999900,0.012314|0.987686
x,ip,Ad3d,1.000000,0.152972|0.847028
x,ip,Ad4c,1.000000,0.152697|0.847303
x,ip,Ad4d,1.000000,0.150484|0.849515
x,ip,Ad4h,1.000000,0.085130|0.914870
x,ip,Ad4s,1.000000,0.086091|0.913909
x,ip,Ad5c,1.000000,0.299153|0.700847
x,ip,Ad5d,1.000000,0.195300|0.804700
x,ip,Ad5h,1.000000,0.097139|0.902861
x,ip,Ad5s,1.000000,0.058061|0.941939
x,ip,Ad6c,1.000000,0.161395|0.838605
x,ip,Ad6d,1.000000,0.836194|0.163806
x,ip,Ad6h,1.000000,0.000031|0.999969
x,ip,Ad6s,1.000000,0.000031|0.999969
x,ip,Ad7c,1.000000,0.003754|0.996246
x,ip,Ad7d,1.000000,0.000000|1.000000
x,ip,Ad7s,1.000000,0.016602|0.983398
x,ip,Ad8c,1.000000,0.863508|0.136492
x,ip,Ad8d,1.000000,0.062806|0.937194
x,ip,Ad8h,1.000000,0.953902|0.046098
x,ip,Ad8s,1.000000,0.852415|0.147585
x,ip,Ad9c,1.000000,0.684840|0.315160
x,ip,Ad9d,1.000000,0.248661|0.751339
x,ip,Ad9h,1.000000,0.778820|0.221180
x,ip,Ad9s,1.000000,0.719402|0.280598
x,ip,AdTc,1.000000,0.443336|0.556664
x,ip,AdTd,1.000000,0.108934|0.891066
x,ip,AdTh,1.000000,0.431312|0.568689
x,ip,AdTs,1.000000,0.407309|0.592691
x,ip,AdJc,1.000000,0.118029|0.881971
x,ip,AdJd,1.000000,0.004120|0.995880
x,ip,AdJh,1.000000,0.213352|0.786648
x,ip,AdJs,1.000000,0.247852|0.752148
x,ip,AdQc,1.000000,0.082765|0.917235
x,ip,AdQd,1.000000,0.000000|1.000000
x,ip,AdQh,1.000000,0.170016|0.829984
x,ip,AdQs,1.000000,0.140169|0.859831
x,ip,AdKc,0.999900,0.013611|0.986389
x,ip,AdKd,1.000000,0.000000|1.000000
x,ip,AdKh,0.999900,0.017609|0.982391
x,ip,AdAc,1.000000,0.000000|1.000000
x,ip,Ah2h,1.000000,0.000000|1.000000
x,ip,Ah3h,1.000000,0.150240|0.849760
x,ip,Ah4c,1.000000,0.102480|0.897520
x,ip,Ah4d,1.000000,0.091264|0.908736
x,ip,Ah4h,1.000000,0.137972|0.862028
x,ip,Ah4s,1.000000,0.067521|0.932479
x,ip,Ah5c,1.000000,0.211017|0.788983
x,ip,Ah5d,1.000000,0.078141|0.921859
x,ip,Ah5h,1.000000,0.175906|0.824094
x,ip,Ah5s,1.000000,0.057206|0.942794
x,ip,Ah6c,1.000000,0.134066|0.865934
x,ip,Ah6d,1.000000,0.000031|0.999969
x,ip,Ah6h,1.000000,0.764446|0.235554
x,ip,Ah6s,1.000000,0.000031|0.999969
x,ip,Ah7c,1.000000,0.010056|0.989944
x,ip,Ah7d,1.000000,0.021851|0.978149
x,ip,Ah7s,1.000000,0.023529|0.976471
x,ip,Ah8c,1.000000,0.879438|0.120562
x,ip,Ah8d,1.000000,0.886717|0.113283
x,ip,Ah8h,1.000000,0.056382|0.943618
x,ip,Ah8s,1.000000,0.694148|0.305852
x,ip,Ah9c,1.000000,0.652415|0.347585
x,ip,Ah9d,1.000000,0.686046|0.313954
x,ip,Ah9h,1.000000,0.255634|0.744366
x,ip,Ah9s,1.000000,0.680079|0.319921
x,ip,AhTc,1.000000,0.484916|0.515084
x,ip,AhTd,1.000000,0.470420|0.529580
x,ip,AhTh,1.000000,0.130632|0.869368
x,ip,AhTs,1.000000,0.444694|0.555306
x,ip,AhJc,1.000000,0.148730|0.851270
x,ip,AhJd,1.000000,0.234699|0.765301
x,ip,AhJh,1.000000,0.025391|0.974609
x,ip,AhJs,1.000000,0.267369|0.732631
x,ip,AhQc,1.000000,0.106432|0.893568
x,ip,AhQd,1.000000,0.210346|0.789654
x,ip,AhQh,1.000000,0.000031|0.999969
x,ip,AhQs,1.000000,0.191333|0.808667
x,ip,AhKc,0.999900,0.012406|0.987594
x,ip,AhKd,0.999900,0.014694|0.985306
x,ip,AhKh,1.000000,0.000000|1.000000
x,ip,AhAc,1.000000,0.000000|1.000000
x,ip,AhAd,1.000000,0.000000|1.000000
x,ip,As2s,1.000000,0.000000|1.000000
x,ip,As3s,1.000000,0.143542|0.856458
x,ip,As4c,1.000000,0.090394|0.909606
x,ip,As4d,1.000000,0.067918|0.932082
x,ip,As4h,1.000000,0.056565|0.943435
x,ip,As4s,1.000000,0.166461|0.833539
x,ip,As5c,1.000000,0.183688|0.816312
x,ip,As5d,1.000000,0.080644|0.919356
x,ip,As5h,1.000000,0.061982|0.938018
x,ip,As5s,1.000000,0.185885|0.814115
x,ip,As6c,1.000000,0.048920|0.951080
x,ip,As6d,1.000000,0.000031|0.999969
x,ip,As6h,1.000000,0.000031|0.999969
x,ip,As6s,1.000000,0.787167|0.212833
x,ip,As7c,1.000000,0.013123|0.986877
x,ip,As7d,1.000000,0.025605|0.974395
x,ip,As7s,1.000000,0.000000|1.000000
x,ip,As8c,1.000000,0.858412|0.141588
x,ip,As8d,1.000000,0.745663|0.254337
x,ip,As8h,1.000000,0.782376|0.217624
x,ip,As8s,1.000000,0.108659|0.891340
x,ip,As9c,1.000000,0.613336|0.386664
x,ip,As9d,1.000000,0.617258|0.382742
x,ip,As9h,1.000000,0.695399|0.304601
x,ip,As9s,1.000000,0.254276|0.745724
x,ip,AsTc,1.000000,0.452689|0.547311
x,ip,AsTd,1.000000,0.424475|0.575525
x,ip,AsTh,1.000000,0.411124|0.588876
x,ip,AsTs,1.000000,0.159457|0.840543
x,ip,AsJc,1.000000,0.154391|0.845609
x,ip,AsJd,1.000000,0.232197|0.767803
x,ip,AsJh,1.000000,0.244388|0.755611
x,ip,AsJs,1.000000,0.013764|0.986236
x,ip,AsQc,1.000000,0.113954|0.886046
x,ip,AsQd,1.000000,0.197696|0.802304
x,ip,AsQh,1.000000,0.201648|0.798352
x,ip,AsQs,1.000000,0.000000|1.000000
x,ip,AsKc,0.999900,0.011032|0.988968
x,ip,AsKd,0.999900,0.011063|0.988937
x,ip,AsKh,0.999900,0.013031|0.986969
x,ip,AsAc,1.000000,0.000000|1.000000
x,ip,AsAd,1.000000,0.000000|1.000000
x,ip,AsAh,1.000000,0.000000|1.000000
