case_id,suite,diversity_slot,candidate_status,source_url,checked_at,solution_label,table_players,seats,preflop_actions,postflop_actions,street,board,stack_bb,effective_stack,pot,rake_description,range_access,tree_access,value_access,frequency_access,ev_access,comparison_scope,missing_fields,next_action,historical_evidence,selection_target
HU-R0-001,daily+extended,V1,catalog_checked,https://app.gtowizard.com/solutions?soltab=strategy&solution_type=gwiz&gmfs_solution_tab=ai_sols&gametype=Cash6m50zGeneral&depth=100&gmfft_sort_key=0&gmfft_sort_order=desc&gmff_favorite=false&stratab=strategy_ev&history_spot=6&preflop_actions=F-F-F-R2.5-F-C&board=Ks7h2d,2026-09-25T05:48:36.577Z,Cash 6max 100bb General NL50 GTO/GTO,6max,BB|BTN,UTG F; HJ F; CO F; BTN R2.5; SB F; BB C,,Flop,Ks7h2d,100,97.5bb,5.5bb,General NL50 preset; GTO Wizard library Rake help (2026-09-25): 5% cap 4bb; preflop collection rule unverified,取得可能,取得可能,取得可能,取得可能,取得可能,pending,現行解のrake徴収条件(no-flop-no-drop等)と版; 両者combo range重み/正規化; node別の全後続menu; hand/action頻度とEV実値・基準点・表示精度,R1で両者range・全node menu・頻度/EVを取得しrake/utility一致を監査,experiments/hu-postflop-reference/cases/ks7h2d-flop/README.md,標準stack SRP・rakeなし・Flop
HU-R0-002,extended,V1,catalog_checked,https://app.gtowizard.com/solutions?soltab=strategy&solution_type=gwiz&gmfs_solution_tab=ai_sols&gametype=Cash6m500zGeneral&depth=100&gmfft_sort_key=0&gmfft_sort_order=desc&gmff_favorite=false&stratab=strategy_ev&history_spot=10&preflop_actions=F-F-F-R2.5-F-C&board=Ks7h2d3c8d&flop_actions=X-X&turn_actions=X-X,2026-09-25T05:52:40.229Z,Cash 6max 100bb General NL500 GTO/GTO,6max,BB|BTN,UTG F; HJ F; CO F; BTN R2.5; SB F; BB C,Flop X-X; Turn X-X,River,Ks7h2d3c8d,100,97.5bb,5.5bb,General NL500 preset; GTO Wizard library Rake help (2026-09-25): 5% cap 0.6bb; preflop collection rule unverified,要確認,取得可能,取得可能,取得可能,取得可能,pending,現行解のrake徴収条件(no-flop-no-drop等)と版; 両者combo range重み/正規化; node別の全後続menu; hand/action頻度とEV実値・基準点・表示精度,R1で両者range・全node menu・頻度/EVを取得しrake/utility一致を監査,experiments/hu-postflop-reference/cases/ks7h2d3c8d-river/README.md,標準stack SRP・別rake・River
HU-R0-003,extended,V1,catalog_checked,https://app.gtowizard.com/solutions?soltab=strategy&solution_type=gwiz&gmfs_solution_tab=ai_sols&gametype=Cash6m500zGeneral&depth=100&gmfft_sort_key=0&gmfft_sort_order=desc&gmff_favorite=false&stratab=strategy_ev&history_spot=6&preflop_actions=F-F-F-R2.5-F-C&board=QsTh7d&flop_actions=X-X&turn_actions=X-X,2026-09-25T05:55:07.491Z,Cash 6max 100bb General NL500 GTO/GTO,6max,BB|BTN,UTG F; HJ F; CO F; BTN R2.5; SB F; BB C,,Flop,QsTh7d,100,97.5bb,5.5bb,General NL500 preset; GTO Wizard library Rake help (2026-09-25): 5% cap 0.6bb; preflop collection rule unverified,要確認,取得可能,取得可能,取得可能,取得可能,pending,現行解のrake徴収条件(no-flop-no-drop等)と版; 両者combo range重み/正規化; node別の全後続menu; hand/action頻度とEV実値・基準点・表示精度; URLに過去の後続actionが残るためR1で開始spotを再選択,R1で両者range・全node menu・頻度/EVを取得しrake/utility一致を監査,,標準stack SRP・board/menu差
HU-R0-004,daily+extended,V2,catalog_checked,https://app.gtowizard.com/solutions?soltab=strategy&solution_type=gwiz&gmfs_solution_tab=ai_sols&gametype=Cash6m500zGeneral&depth=100&gmfft_sort_key=0&gmfft_sort_order=desc&gmff_favorite=false&stratab=strategy_ev&history_spot=6&preflop_actions=F-F-F-F-R3-C&board=Kc7d2h,2026-09-25T05:55:48.180Z,Cash 6max 100bb General NL500 GTO/GTO,6max,SB|BB,UTG F; HJ F; CO F; BTN F; SB R3; BB C,,Flop,Kc7d2h,100,97bb,6bb,General NL500 preset; GTO Wizard library Rake help (2026-09-25): 5% cap 0.6bb; preflop collection rule unverified,要確認,取得可能,取得可能,取得可能,取得可能,pending,現行解のrake徴収条件(no-flop-no-drop等)と版; 両者combo range重み/正規化; node別の全後続menu; hand/action頻度とEV実値・基準点・表示精度,R1で両者range・全node menu・頻度/EVを取得しrake/utility一致を監査,,Blind対Blind SRP・Flop候補
HU-R0-005,extended,V2,catalog_checked,https://app.gtowizard.com/solutions?soltab=strategy&solution_type=gwiz&gmfs_solution_tab=ai_sols&gametype=Cash6m500zGeneral&depth=100&gmfft_sort_key=0&gmfft_sort_order=desc&gmff_favorite=false&stratab=strategy_ev&history_spot=8&preflop_actions=F-F-F-F-R3-C&board=8s8h5d2c&flop_actions=X-X,2026-09-25T05:57:10.021Z,Cash 6max 100bb General NL500 GTO/GTO,6max,SB|BB,UTG F; HJ F; CO F; BTN F; SB R3; BB C,Flop X-X,Turn,8s8h5d2c,100,97bb,6bb,General NL500 preset; GTO Wizard library Rake help (2026-09-25): 5% cap 0.6bb; preflop collection rule unverified,要確認,取得可能,取得可能,取得可能,取得可能,pending,現行解のrake徴収条件(no-flop-no-drop等)と版; 両者combo range重み/正規化; node別の全後続menu; hand/action頻度とEV実値・基準点・表示精度,R1で両者range・全node menu・頻度/EVを取得しrake/utility一致を監査,,Blind対Blind SRP・paired board
HU-R0-006,extended,V2,catalog_checked,https://app.gtowizard.com/solutions?soltab=strategy&solution_type=gwiz&gmfs_solution_tab=ai_sols&gametype=Cash6m50zGGGeneral&depth=100&gmfft_sort_key=0&gmfft_sort_order=desc&gmff_favorite=false&stratab=strategy_ev&history_spot=10&preflop_actions=F-F-F-F-R3-C&board=9s8s7d2cJd&flop_actions=X-X&turn_actions=X-X,2026-09-25T06:00:56.735Z,Cash 6max 100bb General NL50 GG GTO/GTO,6max,SB|BB,UTG F; HJ F; CO F; BTN F; SB R3; BB C,Flop X-X; Turn X-X,River,9s8s7d2cJd,100,97bb,6bb,General NL50 GG preset; GTO Wizard library Rake help (2026-09-25): 5% cap 8bb; preflop collection rule unverified,要確認,取得可能,取得可能,取得可能,取得可能,pending,現行解のrake徴収条件(no-flop-no-drop等)と版; 両者combo range重み/正規化; node別の全後続menu; hand/action頻度とEV実値・基準点・表示精度,R1で両者range・全node menu・頻度/EVを取得しrake/utility一致を監査,,Blind対Blind SRP・connected board/rake差
HU-R0-007,daily+extended,V3,catalog_checked,https://app.gtowizard.com/solutions?soltab=strategy&solution_type=gwiz&gmfs_solution_tab=ai_sols&gametype=Cash6m50zGeneral&depth=20&gmfft_sort_key=0&gmfft_sort_order=desc&gmff_favorite=false&stratab=strategy_ev&history_spot=8&preflop_actions=F-F-F-R2-F-C&board=As7d2c4h&flop_actions=X-X,2026-09-25T06:02:54.555Z,Cash 6max 20bb General NL50 GTO/GTO,6max,BB|BTN,UTG F; HJ F; CO F; BTN R2; SB F; BB C,Flop X-X,Turn,As7d2c4h,20,18bb,4.5bb,General NL50 preset; GTO Wizard library Rake help (2026-09-25): 5% cap 4bb; preflop collection rule unverified,要確認,取得可能,取得可能,取得可能,取得可能,pending,現行解のrake徴収条件(no-flop-no-drop等)と版; 両者combo range重み/正規化; node別の全後続menu; hand/action頻度とEV実値・基準点・表示精度,R1で両者range・全node menu・頻度/EVを取得しrake/utility一致を監査,,浅いstack SRP・Turn候補
HU-R0-008,extended,V3,unavailable,https://app.gtowizard.com/solutions?soltab=strategy&solution_type=gwiz&gmfs_solution_tab=ai_sols&gametype=HuSngAnteGeneral&depth=20.125&gmfft_sort_key=0&gmfft_sort_order=desc&gmff_favorite=false&stratab=strategy_ev&history_spot=2&preflop_actions=R2-C&dialogs=&board=QsJsTd,2026-09-25T07:38:31Z,Hu SnG 20bb With ante General,HU,SB|BB,SB R2; BB C (ante 0.125bb/player),,Flop,QsJsTd,20,18bb,4.25bb,HU SnG With ante; pot内rakeなし(トーナメント形式からの推定); ante 0.125bb/人; utility要確認,取得不可,取得不可,取得不可,取得不可,取得不可,pending,pot内rakeなしとchipEV utilityの直接確認; 両者combo range重み/正規化; node別の全後続menu; hand/action頻度とEV実値・基準点・表示精度; Premium Tournament subscription required to view General HU SnG postflop strategy and EV; user confirmed no alternative subscription/login on 2026-09-25,Find accessible no-rake existing postflop solution; verify chipEV/rake and all basic conditions before replacing this unavailable candidate,,浅いstack・rakeなしHU tournament SRP・connected Flop
HU-R0-009,extended,V3,catalog_checked,https://app.gtowizard.com/solutions?soltab=strategy&solution_type=gwiz&gmfs_solution_tab=ai_sols&gametype=Cash6m50zGeneral&depth=40&gmfft_sort_key=0&gmfft_sort_order=desc&gmff_favorite=false&stratab=strategy_ev&history_spot=6&preflop_actions=F-F-F-R2.2-F-C&board=8h5s3d,2026-09-25T06:04:53.590Z,Cash 6max 40bb General NL50 GTO/GTO,6max,BB|BTN,UTG F; HJ F; CO F; BTN R2.2; SB F; BB C,,Flop,8h5s3d,40,37.8bb,4.9bb,General NL50 preset; GTO Wizard library Rake help (2026-09-25): 5% cap 4bb; preflop collection rule unverified,要確認,取得可能,取得可能,取得可能,取得可能,pending,現行解のrake徴収条件(no-flop-no-drop等)と版; 両者combo range重み/正規化; node別の全後続menu; hand/action頻度とEV実値・基準点・表示精度,R1で両者range・全node menu・頻度/EVを取得しrake/utility一致を監査,,浅いstack SRP・all-in境界
HU-R0-010,daily+extended,V4,catalog_checked,https://app.gtowizard.com/solutions?soltab=strategy&solution_type=gwiz&gmfs_solution_tab=ai_sols&gametype=Cash6m50zGeneral&depth=200&gmfft_sort_key=0&gmfft_sort_order=desc&gmff_favorite=false&stratab=strategy_ev&history_spot=8&preflop_actions=F-F-F-R2.5-F-C&board=9s8s6d7h&flop_actions=X-X,2026-09-25T06:06:07.972Z,Cash 6max 200bb General NL50 GTO/GTO,6max,BB|BTN,UTG F; HJ F; CO F; BTN R2.5; SB F; BB C,Flop X-X,Turn,9s8s6d7h,200,197.5bb,5.5bb,General NL50 preset; GTO Wizard library Rake help (2026-09-25): 5% cap 4bb; preflop collection rule unverified,要確認,取得可能,取得可能,取得可能,取得可能,pending,現行解のrake徴収条件(no-flop-no-drop等)と版; 両者combo range重み/正規化; node別の全後続menu; hand/action頻度とEV実値・基準点・表示精度,R1で両者range・全node menu・頻度/EVを取得しrake/utility一致を監査,,深いstack SRP・Turn候補
HU-R0-011,extended,V4,catalog_checked,https://app.gtowizard.com/solutions?soltab=strategy&solution_type=gwiz&gmfs_solution_tab=ai_sols&gametype=Cash6m50zGeneral&depth=200&gmfft_sort_key=0&gmfft_sort_order=desc&gmff_favorite=false&stratab=strategy_ev&history_spot=10&preflop_actions=F-F-F-R2.5-F-C&board=9s8s6d7h2c&flop_actions=X-X&turn_actions=X-X,2026-09-25T06:06:44.772Z,Cash 6max 200bb General NL50 GTO/GTO,6max,BB|BTN,UTG F; HJ F; CO F; BTN R2.5; SB F; BB C,Flop X-X; Turn X-X,River,9s8s6d7h2c,200,197.5bb,5.5bb,General NL50 preset; GTO Wizard library Rake help (2026-09-25): 5% cap 4bb; preflop collection rule unverified,要確認,取得可能,取得可能,取得可能,取得可能,pending,現行解のrake徴収条件(no-flop-no-drop等)と版; 両者combo range重み/正規化; node別の全後続menu; hand/action頻度とEV実値・基準点・表示精度,R1で両者range・全node menu・頻度/EVを取得しrake/utility一致を監査,,深いstack SRP・draw board
HU-R0-012,extended,V4,catalog_checked,https://app.gtowizard.com/solutions?soltab=strategy&solution_type=gwiz&gmfs_solution_tab=ai_sols&gametype=Cash6m50zGeneral&depth=150&gmfft_sort_key=0&gmfft_sort_order=desc&gmff_favorite=false&stratab=strategy_ev&history_spot=6&preflop_actions=F-R2.5-F-F-F-C&board=KdQdJc,2026-09-25T06:07:50.914Z,Cash 6max 150bb General NL50 GTO/GTO,6max,BB|HJ,UTG F; HJ R2.5; CO F; BTN F; SB F; BB C,,Flop,KdQdJc,150,147.5bb,5.5bb,General NL50 preset; GTO Wizard library Rake help (2026-09-25): 5% cap 4bb; preflop collection rule unverified,要確認,取得可能,取得可能,取得可能,取得可能,pending,現行解のrake徴収条件(no-flop-no-drop等)と版; 両者combo range重み/正規化; node別の全後続menu; hand/action頻度とEV実値・基準点・表示精度,R1で両者range・全node menu・頻度/EVを取得しrake/utility一致を監査,,深いstack SRP・後続street
HU-R0-013,daily+extended,V5,catalog_checked,https://app.gtowizard.com/solutions?soltab=strategy&solution_type=gwiz&gmfs_solution_tab=ai_sols&gametype=Cash6m50zGeneral&depth=100&gmfft_sort_key=0&gmfft_sort_order=desc&gmff_favorite=false&stratab=strategy_ev&history_spot=7&preflop_actions=F-F-R2.3-R7.5-F-F-C&board=AhJd4c,2026-09-25T06:08:54.689Z,Cash 6max 100bb General NL50 GTO/GTO,6max,CO|BTN,UTG F; HJ F; CO R2.3; BTN R7.5; SB F; BB F; CO C,,Flop,AhJd4c,100,92.5bb,16.5bb,General NL50 preset; GTO Wizard library Rake help (2026-09-25): 5% cap 4bb; preflop collection rule unverified,要確認,取得可能,取得可能,取得可能,取得可能,pending,現行解のrake徴収条件(no-flop-no-drop等)と版; 両者combo range重み/正規化; node別の全後続menu; hand/action頻度とEV実値・基準点・表示精度,R1で両者range・全node menu・頻度/EVを取得しrake/utility一致を監査,,IP aggressor 3bet・Flop候補
HU-R0-014,extended,V5,catalog_checked,https://app.gtowizard.com/solutions?soltab=strategy&solution_type=gwiz&gmfs_solution_tab=ai_sols&gametype=Cash6m50zGeneral&depth=100&gmfft_sort_key=0&gmfft_sort_order=desc&gmff_favorite=false&stratab=strategy_ev&history_spot=9&preflop_actions=F-F-R2.3-R7.5-F-F-C&board=AhJd4c8s&flop_actions=X-X,2026-09-25T06:09:22.487Z,Cash 6max 100bb General NL50 GTO/GTO,6max,CO|BTN,UTG F; HJ F; CO R2.3; BTN R7.5; SB F; BB F; CO C,Flop X-X,Turn,AhJd4c8s,100,92.5bb,16.5bb,General NL50 preset; GTO Wizard library Rake help (2026-09-25): 5% cap 4bb; preflop collection rule unverified,要確認,取得可能,取得可能,取得可能,取得可能,pending,現行解のrake徴収条件(no-flop-no-drop等)と版; 両者combo range重み/正規化; node別の全後続menu; hand/action頻度とEV実値・基準点・表示精度,R1で両者range・全node menu・頻度/EVを取得しrake/utility一致を監査,,IP aggressor 3bet・opening/size差
HU-R0-015,extended,V5,catalog_checked,https://app.gtowizard.com/solutions?soltab=strategy&solution_type=gwiz&gmfs_solution_tab=ai_sols&gametype=Cash6m500zSimple&depth=75&gmfft_sort_key=0&gmfft_sort_order=desc&gmff_favorite=false&stratab=strategy_ev&history_spot=7&preflop_actions=F-R2-F-R7-F-F-C&board=Ts9s4h,2026-09-25T06:10:31.892Z,Cash 6max 75bb Simple NL500 GTO/GTO,6max,HJ|BTN,UTG F; HJ R2; CO F; BTN R7; SB F; BB F; HJ C,,Flop,Ts9s4h,75,68bb,15.5bb,Simple NL500 preset; GTO Wizard library Rake help (2026-09-25): 5% cap 0.6bb; preflop collection rule unverified,要確認,取得可能,取得可能,取得可能,取得可能,pending,現行解のrake徴収条件(no-flop-no-drop等)と版; 両者combo range重み/正規化; node別の全後続menu; hand/action頻度とEV実値・基準点・表示精度,R1で両者range・全node menu・頻度/EVを取得しrake/utility一致を監査,,IP aggressor 3bet・rake/stack差
HU-R0-016,daily+extended,V6,catalog_checked,https://app.gtowizard.com/solutions?soltab=strategy&solution_type=gwiz&gmfs_solution_tab=ai_sols&gametype=Cash6m500zSimple&depth=75&gmfft_sort_key=0&gmfft_sort_order=desc&gmff_favorite=false&stratab=strategy_ev&history_spot=9&preflop_actions=F-F-F-R2.5-F-R10-C&board=KhKc5s2d&flop_actions=X-X,2026-09-25T06:11:52.699Z,Cash 6max 75bb Simple NL500 GTO/GTO,6max,BTN|BB,UTG F; HJ F; CO F; BTN R2.5; SB F; BB R10; BTN C,Flop X-X,Turn,KhKc5s2d,75,65bb,20.5bb,Simple NL500 preset; GTO Wizard library Rake help (2026-09-25): 5% cap 0.6bb; preflop collection rule unverified,要確認,取得可能,取得可能,取得可能,取得可能,pending,現行解のrake徴収条件(no-flop-no-drop等)と版; 両者combo range重み/正規化; node別の全後続menu; hand/action頻度とEV実値・基準点・表示精度,R1で両者range・全node menu・頻度/EVを取得しrake/utility一致を監査,,OOP aggressor 3bet・Turn候補
HU-R0-017,extended,V6,catalog_checked,https://app.gtowizard.com/solutions?soltab=strategy&solution_type=gwiz&gmfs_solution_tab=ai_sols&gametype=Cash6m500zSimple&depth=75&gmfft_sort_key=0&gmfft_sort_order=desc&gmff_favorite=false&stratab=strategy_ev&history_spot=11&preflop_actions=F-F-F-R2.5-F-R10-C&board=KhKc5s2d3s&flop_actions=X-X&turn_actions=X-X,2026-09-25T06:12:34.827Z,Cash 6max 75bb Simple NL500 GTO/GTO,6max,BTN|BB,UTG F; HJ F; CO F; BTN R2.5; SB F; BB R10; BTN C,Flop X-X; Turn X-X,River,KhKc5s2d3s,75,65bb,20.5bb,Simple NL500 preset; GTO Wizard library Rake help (2026-09-25): 5% cap 0.6bb; preflop collection rule unverified,要確認,取得可能,取得可能,取得可能,取得可能,pending,現行解のrake徴収条件(no-flop-no-drop等)と版; 両者combo range重み/正規化; node別の全後続menu; hand/action頻度とEV実値・基準点・表示精度,R1で両者range・全node menu・頻度/EVを取得しrake/utility一致を監査,,OOP aggressor 3bet・monotone board
HU-R0-018,extended,V6,catalog_checked,https://app.gtowizard.com/solutions?soltab=strategy&solution_type=gwiz&gmfs_solution_tab=ai_sols&gametype=Cash6m500zSimple&depth=75&gmfft_sort_key=0&gmfft_sort_order=desc&gmff_favorite=false&stratab=strategy_ev&history_spot=7&preflop_actions=F-F-R2.2-F-F-R10-C&board=Ad8d3d,2026-09-25T06:13:27.765Z,Cash 6max 75bb Simple NL500 GTO/GTO,6max,CO|BB,UTG F; HJ F; CO R2.2; BTN F; SB F; BB R10; CO C,,Flop,Ad8d3d,75,65bb,20.5bb,Simple NL500 preset; GTO Wizard library Rake help (2026-09-25): 5% cap 0.6bb; preflop collection rule unverified,要確認,取得可能,取得可能,取得可能,取得可能,pending,現行解のrake徴収条件(no-flop-no-drop等)と版; 両者combo range重み/正規化; node別の全後続menu; hand/action頻度とEV実値・基準点・表示精度,R1で両者range・全node menu・頻度/EVを取得しrake/utility一致を監査,,OOP aggressor 3bet・paired board/stack差
HU-R0-019,daily+extended,V7,catalog_checked,https://app.gtowizard.com/solutions?soltab=strategy&solution_type=gwiz&gmfs_solution_tab=ai_sols&gametype=Cash6m500zSimple&depth=75&gmfft_sort_key=0&gmfft_sort_order=desc&gmff_favorite=false&stratab=strategy_ev&history_spot=12&preflop_actions=F-F-F-R2.5-F-R10-R20-C&board=Qs7h2c4d9s&flop_actions=X-X&turn_actions=X-X,2026-09-25T06:15:07.795Z,Cash 6max 75bb Simple NL500 GTO/GTO,6max,BTN|BB,UTG F; HJ F; CO F; BTN R2.5; SB F; BB R10; BTN R20; BB C,Flop X-X; Turn X-X,River,Qs7h2c4d9s,75,55bb,40.5bb,Simple NL500 preset; GTO Wizard library Rake help (2026-09-25): 5% cap 0.6bb; preflop collection rule unverified,要確認,取得可能,取得可能,取得可能,取得可能,pending,現行解のrake徴収条件(no-flop-no-drop等)と版; 両者combo range重み/正規化; node別の全後続menu; hand/action頻度とEV実値・基準点・表示精度,R1で両者range・全node menu・頻度/EVを取得しrake/utility一致を監査,,4bet pot・River候補
HU-R0-020,extended,V7,catalog_checked,https://app.gtowizard.com/solutions?soltab=strategy&solution_type=gwiz&gmfs_solution_tab=ai_sols&gametype=Cash6m500zSimple&depth=75&gmfft_sort_key=0&gmfft_sort_order=desc&gmff_favorite=false&stratab=strategy_ev&history_spot=8&preflop_actions=F-R2-F-R7-F-F-R18-C&board=AcKd3s,2026-09-25T06:15:52.059Z,Cash 6max 75bb Simple NL500 GTO/GTO,6max,HJ|BTN,UTG F; HJ R2; CO F; BTN R7; SB F; BB F; HJ R18; BTN C,,Flop,AcKd3s,75,57bb,37.5bb,Simple NL500 preset; GTO Wizard library Rake help (2026-09-25): 5% cap 0.6bb; preflop collection rule unverified,要確認,取得可能,取得可能,取得可能,取得可能,pending,現行解のrake徴収条件(no-flop-no-drop等)と版; 両者combo range重み/正規化; node別の全後続menu; hand/action頻度とEV実値・基準点・表示精度,R1で両者range・全node menu・頻度/EVを取得しrake/utility一致を監査,,4bet pot・Flop
HU-R0-021,extended,V7,catalog_checked,https://app.gtowizard.com/solutions?soltab=strategy&solution_type=gwiz&gmfs_solution_tab=ai_sols&gametype=Cash6m50zGeneral&depth=100&gmfft_sort_key=0&gmfft_sort_order=desc&gmff_favorite=false&stratab=strategy_ev&history_spot=8&preflop_actions=F-F-F-R2.5-F-R13-R27-C&board=8c8d4h,2026-09-25T06:17:17.231Z,Cash 6max 100bb General NL50 GTO/GTO,6max,BTN|BB,UTG F; HJ F; CO F; BTN R2.5; SB F; BB R13; BTN R27; BB C,,Flop,8c8d4h,100,73bb,54.5bb,General NL50 preset; GTO Wizard library Rake help (2026-09-25): 5% cap 4bb; preflop collection rule unverified,要確認,取得可能,取得可能,取得可能,取得可能,pending,現行解のrake徴収条件(no-flop-no-drop等)と版; 両者combo range重み/正規化; node別の全後続menu; hand/action頻度とEV実値・基準点・表示精度,R1で両者range・全node menu・頻度/EVを取得しrake/utility一致を監査,,4bet pot・call/fold境界
HU-R0-022,extended,V8,catalog_checked,https://app.gtowizard.com/solutions?soltab=strategy&solution_type=gwiz&gmfs_solution_tab=ai_sols&gametype=Cash6m50zGeneral&depth=100&gmfft_sort_key=0&gmfft_sort_order=desc&gmff_favorite=false&stratab=strategy_ev&history_spot=12&preflop_actions=R2-F-F-C-F-R14-F-C&board=Qd9h4s2cJd&flop_actions=X-X&turn_actions=X-X,2026-09-25T06:19:50.737Z,Cash 6max 100bb General NL50 GTO/GTO,6max,BTN|BB,UTG R2; HJ F; CO F; BTN C; SB F; BB R14; UTG F; BTN C,Flop X-X; Turn X-X,River,Qd9h4s2cJd,100,86bb,30.5bb,General NL50 preset; GTO Wizard library Rake help (2026-09-25): 5% cap 4bb; preflop collection rule unverified,要確認,取得可能,取得可能,取得可能,取得可能,pending,現行解のrake徴収条件(no-flop-no-drop等)と版; 両者combo range重み/正規化; node別の全後続menu; hand/action頻度とEV実値・基準点・表示精度; squeezeでfoldしたUTGのdead moneyとrake判定,R1で両者range・全node menu・頻度/EVを取得しrake/utility一致を監査,,その他HU到達・River候補
HU-R0-023,daily+extended,V8,catalog_checked,https://app.gtowizard.com/solutions?soltab=strategy&solution_type=gwiz&gmfs_solution_tab=ai_sols&gametype=Cash6m50zGeneral&depth=100&gmfft_sort_key=0&gmfft_sort_order=desc&gmff_favorite=false&stratab=strategy_ev&history_spot=6&preflop_actions=F-F-F-F-C-X&board=7h6h2c,2026-09-25T06:20:41.773Z,Cash 6max 100bb General NL50 GTO/GTO,6max,SB|BB,UTG F; HJ F; CO F; BTN F; SB C; BB X,,Flop,7h6h2c,100,99bb,2bb,General NL50 preset; GTO Wizard library Rake help (2026-09-25): 5% cap 4bb; preflop collection rule unverified,要確認,取得可能,取得可能,取得可能,取得可能,pending,現行解のrake徴収条件(no-flop-no-drop等)と版; 両者combo range重み/正規化; node別の全後続menu; hand/action頻度とEV実値・基準点・表示精度,R1で両者range・全node menu・頻度/EVを取得しrake/utility一致を監査,,squeezeからHU
HU-R0-024,extended,V8,catalog_checked,https://app.gtowizard.com/solutions?soltab=strategy&solution_type=gwiz&gmfs_solution_tab=ai_sols&gametype=Cash6m500zGGGeneral&depth=100&gmfft_sort_key=0&gmfft_sort_order=desc&gmff_favorite=false&stratab=strategy_ev&history_spot=9&preflop_actions=F-F-F-F-C-R3-C&board=AsTs5d9c&flop_actions=X-X,2026-09-25T06:22:51.806Z,Cash 6max 100bb General NL1k GG GTO/GTO,6max,SB|BB,UTG F; HJ F; CO F; BTN F; SB C; BB R3; SB C,Flop X-X,Turn,AsTs5d9c,100,97bb,6bb,General NL1k GG preset; GTO Wizard library Rake help (2026-09-25): 5% cap 1bb; preflop collection rule unverified,要確認,取得可能,取得可能,取得可能,取得可能,pending,現行解のrake徴収条件(no-flop-no-drop等)と版; 両者combo range重み/正規化; node別の全後続menu; hand/action頻度とEV実値・基準点・表示精度,R1で両者range・全node menu・頻度/EVを取得しrake/utility一致を監査,,limp/isoからHU
